month,region,operator,subscribers,net_adds,churn_rate,avg_price,promo_intensity,marketing_spend,network_speed,coverage_score,satisfaction
2018-01-01,CA,Verizon,10295814,153345,2.567087564446691,71.40658072033813,4.142343799932135,166.74172222780436,123.92579750402459,94.68096699668585,9.604879152777686
2018-01-01,CA,AT&T,5299643,164116,2.6119478751185894,69.24686809574267,3.047340613690797,296.6461771613576,121.34339265502544,96.82554254271841,9.639165448424635
2018-01-01,CA,T-Mobile,9610016,190540,2.0513539538155476,67.84652857315704,9.161701172078052,266.63898234723285,135.6611282678104,88.94065004397879,9.702976780944
2018-01-01,TX,Verizon,5339746,175319,2.6259728877507955,75.19997183552587,4.185626839705211,214.08879488107988,131.88625726430612,95.94638649892005,9.764117021898464
2018-01-01,TX,AT&T,5203089,141670,2.506434377072413,72.16450738707594,4.973349189205668,103.12728134823878,96.33217861113702,93.95208517485395,9.0235610535976
2018-01-01,TX,T-Mobile,5023638,184903,2.409230299496579,68.49430593651357,5.508504625145919,233.76825053272145,147.26516468575363,90.98053567191005,9.989776304507238
2018-01-01,NY,Verizon,4373767,168871,2.7635555944785013,79.48630275865042,4.159218389865249,185.5082036717099,120.87047068238171,91.02486217079822,9.353292251185076
2018-01-01,NY,AT&T,4370695,155919,2.2376077485816834,69.36351573486512,7.002896663049611,274.29211803754356,104.70239796232961,94.93728998106577,9.248531501329914
2018-01-01,NY,T-Mobile,6985108,181575,2.066348513983483,57.03447185730959,6.691035887777533,144.42156209414605,128.38714288333992,90.52373343849551,9.713110142248567
2018-01-01,FL,Verizon,2735620,171053,2.583861632532007,74.7766622527015,5.116467953547974,169.0142496053366,119.15834914818822,90.00248171672257,9.335474811938427
2018-01-01,FL,AT&T,3088407,165719,2.0109640890947675,67.99525990260277,8.80264312938725,296.6846281789686,106.10541975696518,96.86767960185624,9.348186184168963
2018-01-01,FL,T-Mobile,3901376,155093,2.505516028175516,66.81644939254302,4.559404014282373,288.1046528979208,105.30301134932402,87.48725582471066,9.06251340780237
2018-01-01,IL,Verizon,14765769,173039,2.3538413910287015,73.12315111430121,6.755539183946183,152.1658349660818,130.00485607762104,93.3067712862704,9.668068748997522
2018-01-01,IL,AT&T,10688252,137843,2.7794577848928808,71.95914493314928,2.300394125671537,288.02668849155566,108.57009065292473,92.96857012029511,9.240867467335855
2018-01-01,IL,T-Mobile,12867678,139035,2.7032844812050847,66.25435556586676,2.2269439084287233,201.762815367752,133.15890907152317,89.91082392693782,9.697959343579932
2018-01-01,WA,Verizon,12413612,188501,1.9926140805859243,72.45792741566207,10.0,253.7108028612618,119.68813201833156,95.65444677273173,9.538816769391962
2018-01-01,WA,AT&T,10573160,129514,2.491043657791505,70.1518894327455,5.049485303199049,138.1822062300692,92.50930565828386,90.70456005435,8.869804020468722
2018-01-01,WA,T-Mobile,13367048,187833,2.586940847797578,70.33677303165788,4.666113250086974,151.2413887188916,131.95346472546973,85.3183287826882,9.495251427673463
2018-01-01,MA,Verizon,1676346,161363,2.908851668236919,81.94397570002053,2.7745682576206967,106.10004998780988,111.06879726370776,95.25710200014217,9.259649248278215
2018-01-01,MA,AT&T,1755346,130378,2.3872056758844327,63.924572240027175,4.676427070463224,187.7942841411272,102.28180922243244,92.36430618697884,9.177319647657741
2018-01-01,MA,T-Mobile,1467929,168495,2.248814069407361,71.3664685910379,8.064930521102294,183.92001248555798,127.62608038793331,87.20222503031675,9.454923672757792
2018-02-01,CA,Verizon,8766917,203291,2.0202441740673702,74.68464448576076,10.0,236.7927538796282,120.8416352100792,97.34487156478448,9.59033240628751
2018-02-01,CA,AT&T,10762653,167284,2.306439409836251,71.40117151818666,6.893780289548135,230.2969543715576,101.31915774595512,93.22059915726685,9.108989414455241
2018-02-01,CA,T-Mobile,11058439,177486,2.381077195573008,68.8457611409426,5.943157084801866,238.57807173838788,128.1610826227198,90.15223187656579,9.579330997341945
2018-02-01,TX,Verizon,8573296,183119,2.0940820470147252,69.63698516420466,8.32387463549355,286.15146512071294,117.82318796772779,96.62701927200128,9.558904485872548
2018-02-01,TX,AT&T,6734251,175093,1.9554407904154343,69.18687861313437,9.824635279679942,189.68910439566395,99.93982618500299,94.58332538792587,9.144427499206492
2018-02-01,TX,T-Mobile,6620432,201090,1.8132020154240822,58.729946754109164,9.540863033133437,277.54083655165994,134.12931454275625,90.73106163447574,9.817218672348305
2018-02-01,NY,Verizon,3073263,139311,2.7499417964766395,73.47917047388661,3.1038313170053518,262.5599134515005,105.92536225623445,90.92584813005573,9.111490984287496
2018-02-01,NY,AT&T,3187176,172411,2.0124253074959673,67.51830716934303,9.065477826005155,292.43450969490834,101.5586308648226,93.13930532903775,9.150168705474155
2018-02-01,NY,T-Mobile,2831973,188655,1.9622879683127357,67.87781247825562,10.0,216.86286238462003,139.76309126481104,89.52682812523769,9.802288544270795
2018-02-01,FL,Verizon,6227092,149593,2.720536177646106,72.6052943459054,2.6797651588873332,106.46319022193009,113.54677790802513,96.35931933832684,9.435662194851254
2018-02-01,FL,AT&T,9024086,153836,2.4540273480714427,70.4261502757527,5.3805137930347895,255.5204567470451,113.4061525128836,91.64442781401323,9.31319438192054
2018-02-01,FL,T-Mobile,6942996,162926,2.3727619469713277,69.91657995912186,6.450470705611207,282.63315045152854,123.55724819832052,88.05225816499888,9.413546909325158
2018-02-01,IL,Verizon,7068468,172099,2.5358179704051884,72.19126491516613,4.344213842168574,234.3146391185599,116.96135564569073,97.35859436812765,9.538072294805982
2018-02-01,IL,AT&T,5260117,166894,2.1836774367171317,69.19271668621315,7.755650336960227,142.59283230178215,92.41260513576886,92.46118633111088,8.930160525786572
2018-02-01,IL,T-Mobile,4052269,180533,2.3619197701659687,65.99210167119179,5.970563482730126,151.64887765979168,129.67305251905907,86.08659149848545,9.516137778623827
2018-02-01,WA,Verizon,5827782,153229,2.731635981532535,82.02592560753898,4.3740889037626935,136.0134544698597,112.47553299673132,97.1473640241975,9.343672324585162
2018-02-01,WA,AT&T,5012788,184313,2.0372654317978505,69.29242057554796,9.365852928745873,171.19829685439723,97.81510358713415,91.19976868385217,8.999370926502769
2018-02-01,WA,T-Mobile,6053432,168848,2.320049266140765,67.39907366775562,6.138011022718067,147.22330662348088,127.47080695893005,91.41311049425406,9.617818717328667
2018-02-01,MA,Verizon,6078177,162833,2.2731875251832605,77.70559031105365,8.379199562569497,117.84086574241124,122.23336158696355,94.3004324780863,9.496624302971323
2018-02-01,MA,AT&T,4138988,167009,2.12538226400855,71.6669207189006,8.78180699237055,212.89170850452825,98.64134502492753,92.97754511324072,9.045484046706765
2018-02-01,MA,T-Mobile,6305987,196534,1.9697190720608564,61.223473875343416,8.377602015304412,117.57752490802878,131.4520406028546,91.69902039155707,9.76777668505037
2018-03-01,CA,Verizon,11892646,139400,2.724476405651136,77.79903642116506,3.9959065527425315,185.08728772328334,103.72457562116837,93.19136674979119,9.092242150705452
2018-03-01,CA,AT&T,14205311,154252,2.4974185565882636,69.55434578497885,4.7960626422072306,236.30054444478586,115.29804177915283,91.40620948905905,9.35260366240504
2018-03-01,CA,T-Mobile,10544305,190043,2.0258853601722926,66.46413223813624,9.160268190150404,268.3657553516544,125.12393775927507,88.73704655753922,9.499948829530316
2018-03-01,TX,Verizon,4427449,161303,2.180087459677466,81.22620239593631,9.54475597395519,279.9334890584346,116.01626609823052,98.99609908457406,9.477946270542468
2018-03-01,TX,AT&T,4317978,154181,2.642058824598255,74.29744575235752,4.238272711023479,238.74352148066768,109.67669749074886,92.00628193465475,9.210747950331045
2018-03-01,TX,T-Mobile,2925518,167635,2.7221647828875306,65.78158696122205,1.5103941845853814,191.40004385633569,155.05689209641972,94.24275378783724,10.0
2018-03-01,NY,Verizon,9418653,149847,2.7702314280847533,76.24030470967111,3.510690593377166,136.31954336028514,121.70594203580863,90.3505606770952,9.382232613932317
2018-03-01,NY,AT&T,9687532,165687,2.2426252790864663,70.32818438381467,6.962018463473426,241.44772686267973,112.50243932573649,96.77365622424847,9.449976629404038
2018-03-01,NY,T-Mobile,6776519,192432,2.154127312262476,65.16717473686609,8.188383036941897,218.25508714898587,140.70996467205254,83.03778787806561,9.653661182414359
2018-03-01,FL,Verizon,5376988,155337,2.406800136756682,76.88442004044201,6.943376210395682,133.10266348559475,104.70235696827191,93.65506430125897,9.134854867998786
2018-03-01,FL,AT&T,6768514,131247,2.3597398966988345,70.52786997166373,6.297780455304447,159.9191823532954,93.88038820349915,92.10394572039954,8.935447435965333
2018-03-01,FL,T-Mobile,6461450,146120,2.312125289370922,67.10282678433823,6.469628173591133,206.8911782514494,94.31794700640117,88.29684289567292,8.864235959154827
2018-03-01,IL,Verizon,7405149,157072,2.536492432664191,77.49967163286223,5.860820354173979,131.23051947323808,129.3567839314746,92.74189645756555,9.594395856027836
2018-03-01,IL,AT&T,9573826,137834,2.378092362242679,72.44159172437081,6.469304010310172,179.43670592369097,99.18936672400102,92.38090712137202,9.030798630877474
2018-03-01,IL,T-Mobile,12584831,133748,2.7324687932406846,68.94729952484649,2.4937859061235694,153.61272816457526,109.18070592116278,89.70986066438883,9.185436943106454
2018-03-01,WA,Verizon,4104787,170917,2.513973658668947,76.19740834305621,5.871414625779004,202.4915311763843,106.57293441493715,92.2833045614277,9.137983741711011
2018-03-01,WA,AT&T,6279606,164375,2.263234503281168,71.86839949439177,7.079144812800285,205.93233573101622,123.59157627210558,96.62190053266389,9.651804546478111
2018-03-01,WA,T-Mobile,3872675,190689,1.8156190968716146,61.001766587635146,10.0,267.62139263565916,125.04492663530516,90.4416234881088,9.604129571473013
2018-03-01,MA,Verizon,13652560,186101,2.221652895743124,77.47324616477238,9.001943261128579,289.86135941155317,125.19872226349983,92.76177014394658,9.512095087940668
2018-03-01,MA,AT&T,13364355,144720,2.5963123634852647,68.55963223061111,3.4639569767138636,182.55871012135046,117.6798326969457,92.84845834555709,9.453454081999515
2018-03-01,MA,T-Mobile,14783459,199669,2.0957420403595064,67.0748620428526,8.572296910212884,251.80716910776997,143.5484517237325,88.85255094762573,9.865796942474896
2018-04-01,CA,Verizon,8643498,156083,2.333292682746667,73.39677994192989,6.71505248767444,138.5198055571261,114.12730582233822,96.31376673244868,9.437991319000925
2018-04-01,CA,AT&T,9866534,164802,2.8235507751372975,73.89221834458787,1.9761639935924569,196.2123767688173,120.13316036055353,95.66771923952143,9.533772600950833
2018-04-01,CA,T-Mobile,6198033,147478,2.4077246158416887,67.18862829990744,5.563792203252114,192.38857011511752,118.13664904778628,87.96687298312486,9.329852887450398
2018-04-01,TX,Verizon,13461560,158165,2.553915251039074,72.38210811788697,4.39042616667935,157.44779833081634,109.95859233247933,95.46842946507304,9.33940364942291
2018-04-01,TX,AT&T,7322455,174002,2.286272324830849,76.92916826621857,8.334205828767272,202.5377022033017,103.62260015748684,91.8890457616795,9.059831693337935
2018-04-01,TX,T-Mobile,13074036,179511,2.0841718723964626,67.38771951454243,8.0970618770152,130.779181267971,132.02923020851298,95.38763301928657,9.828336399603431
2018-04-01,NY,Verizon,4894157,170820,2.5897951699359507,73.83689532019204,4.18792841099545,150.52981879217702,129.7485028469613,96.81498953683452,9.76105078984234
2018-04-01,NY,AT&T,3186556,165323,2.414120233247341,71.91391981045231,6.127235519900339,149.05710645106691,107.31363941612697,91.1434610971671,9.161437423133028
2018-04-01,NY,T-Mobile,3228665,167797,2.0366000465183727,66.91667313781032,9.134615733277904,151.7376661395816,111.07454014696036,88.82718429100433,9.217139600291235
2018-04-01,FL,Verizon,2367827,165813,2.428355492782066,76.82368952914962,6.388179985796615,160.19271338936323,116.37042721031293,96.93002992212647,9.467072546578557
2018-04-01,FL,AT&T,2942511,153388,2.555225169107567,74.69657208770302,4.889600946613603,154.72533325633316,97.70130621759185,94.97461779851325,9.056298937430205
2018-04-01,FL,T-Mobile,3404598,166335,2.631697251110001,70.53991098814299,3.859830467347695,179.51887959255885,122.89128069588759,89.31179219180895,9.43178026979059
2018-04-01,IL,Verizon,3992503,192256,2.283947918657889,73.97107251509212,7.415431082499241,268.95664562337754,127.22540080290077,95.39304233940294,9.666588561089183
2018-04-01,IL,AT&T,5717391,145128,2.3966992713377024,67.72780144930508,5.367804263126946,198.31890934828738,103.1894834252512,92.10763313357045,9.149740648019085
2018-04-01,IL,T-Mobile,5573129,186960,2.1148540359645494,61.719113161809815,6.744262782186322,107.92376506967143,129.5228864385802,94.51019490530145,9.80857244431255
2018-04-01,WA,Verizon,4650775,149464,2.620152473624735,75.62514842384266,4.636031504004403,106.64062175827331,118.20988032882515,92.8747344451678,9.394188155693111
2018-04-01,WA,AT&T,7651719,169960,2.42025505257543,74.198066309758,6.119260739840349,241.8121038901833,113.93263151383678,95.17801996356955,9.392012566086242
2018-04-01,WA,T-Mobile,8405549,170046,2.367474538696082,70.20789140949574,6.395821566925296,116.32599640611792,136.18686547847906,89.71011328013034,9.712961793878534
2018-04-01,MA,Verizon,10944040,153332,2.746514125751693,77.25997728113173,3.260603640629866,183.67995773353056,115.25825683570096,97.26250558079548,9.450440531326567
2018-04-01,MA,AT&T,11366728,141060,2.326164692858698,71.04220790992699,6.824436804487867,105.87888915130146,94.56462188164888,91.2235784891055,8.917577713206873
2018-04-01,MA,T-Mobile,8698533,172568,1.9523810585468244,62.848136150131765,9.313976939409551,226.50810664526122,106.75320727513531,87.31839705148556,9.126134695545957
2018-05-01,CA,Verizon,3855311,138142,2.7570214982714383,78.44629710111631,3.7606602107477123,293.8824644670575,128.07293124811085,93.58384226761171,9.584510921979406
2018-05-01,CA,AT&T,3938342,192959,1.978243580158511,65.33025430402074,9.00151958126862,133.40838158018997,118.47079009985035,92.82095477950419,9.500741902341927
2018-05-01,CA,T-Mobile,3937597,174723,2.302869619161197,64.78519622175781,5.925555526980316,206.2339056002064,128.1000561281762,90.02787525759274,9.614985418073728
2018-05-01,TX,Verizon,2947088,155166,2.3994663950127735,76.357604675464,6.855741354380772,125.14830236132977,99.12110965399391,94.21115630584296,9.045180835500528
2018-05-01,TX,AT&T,2767398,136796,2.461652915049142,69.91961696009301,4.966206274220433,272.92176719100735,112.7903042546254,94.01187967306745,9.376966305683602
2018-05-01,TX,T-Mobile,4461355,171684,2.4336881436356586,67.79302839298356,5.330984987286507,157.73711910612764,122.14646857487946,88.90739254953618,9.43222086405384
2018-05-01,NY,Verizon,2176555,133095,2.8124399365131194,75.3614998763679,2.7125185688238846,239.09344133797242,110.08607650543692,92.353820413185,9.21872114374061
2018-05-01,NY,AT&T,2859911,147177,2.415602334240212,70.17742636681727,5.091511449693475,168.24956552523128,96.10427533236404,97.87950481267855,9.156696387359466
2018-05-01,NY,T-Mobile,2707157,181054,2.1362914748544974,64.43330993664658,7.1061465528809595,120.2841656898433,120.11408892849083,94.1760068590338,9.583228884974364
2018-05-01,FL,Verizon,10703954,182727,2.306359235062036,70.28849818913046,6.658631570303552,136.91702590740658,123.94825744407702,93.3547571690218,9.576722882060889
2018-05-01,FL,AT&T,12980605,162112,2.4529888698218456,76.75136430344881,6.844026321413938,229.32118268457202,99.18580371254596,89.76357841057367,8.90910978353364
2018-05-01,FL,T-Mobile,9201771,165502,2.48709384519399,66.70938143571131,4.864489873651612,184.78896258266042,124.13942898129375,86.0644796155075,9.397629153733988
2018-05-01,IL,Verizon,3940416,138399,2.7059170749849684,70.38915611992104,2.629378122476119,199.35337177183388,111.9632543203027,93.89282351658402,9.352158230704363
2018-05-01,IL,AT&T,4838154,158370,2.404595479710164,66.69766215148995,4.826871840874563,203.81195818165406,112.33785911790747,94.66705792321785,9.419792298539784
2018-05-01,IL,T-Mobile,6374026,194638,1.981414752747074,64.21850431418383,9.453667684437521,112.02846852015705,135.3875599244637,85.75885650928505,9.638331850625987
2018-05-01,WA,Verizon,4964911,188665,2.5379216095343304,72.28827707560563,4.493403551322885,234.31168872260747,127.893156118546,95.85035768454941,9.710491082151345
2018-05-01,WA,AT&T,6428936,126516,2.5303543016257155,66.47653035252058,3.618702855642599,147.81106643945313,110.39163904361858,93.73060198604358,9.354985536928472
2018-05-01,WA,T-Mobile,8382559,190020,1.880155502838851,58.118070979899244,8.952292221440132,206.49623851188522,134.33967422465048,88.69766946151206,9.766542858539378
2018-05-01,MA,Verizon,2306431,156794,2.4940130899469293,75.36969081874399,5.563497672514327,221.27418888667512,114.83743984062873,95.70309591765178,9.414144766154688
2018-05-01,MA,AT&T,1573024,166427,2.2706117331635274,70.72560010454062,7.451533646326065,100.06650122409788,110.49053409274357,89.87469042946785,9.198795393693501
2018-05-01,MA,T-Mobile,1584769,182177,1.9933779496907071,60.51236540583375,7.764209564481757,186.06743550178425,135.48529858534775,94.0448401977792,9.925927523581993
2018-06-01,CA,Verizon,4622917,160899,2.6375994283429405,72.7701299911051,3.9120543200034836,277.32084304809337,117.91039512667969,92.65977394788128,9.410299821058981
2018-06-01,CA,AT&T,3800061,161382,2.3628860004353727,69.47705888489575,5.969613742460021,151.96264174900685,113.91804005402547,92.96938030165401,9.372671621281173
2018-06-01,CA,T-Mobile,4410832,184256,2.0840233270370314,64.87973446203034,8.336435443633729,195.2036258737533,113.86438602123259,87.99278178402025,9.268273829324956
2018-06-01,TX,Verizon,1203644,176259,2.450825048237297,74.40658594231049,6.305435798439657,256.2340847573838,119.81650979095893,90.67630907649473,9.372553608690916
2018-06-01,TX,AT&T,1537228,158556,2.209946795146519,69.9096535986997,7.586112761314858,260.4261116255175,85.66097743451965,92.96350006959896,8.803028014791364
2018-06-01,TX,T-Mobile,2063760,161214,2.4394627246140552,64.6221830811595,4.565029627837837,116.52353269185375,123.16406199835076,89.64779742253512,9.506493331831475
2018-06-01,NY,Verizon,3999015,148001,2.4872146786325544,76.72292532251545,5.926447388609104,284.0594362438816,109.84786596854785,95.45990889568442,9.293525333016335
2018-06-01,NY,AT&T,5103981,144155,2.3750912243298026,68.89306166467023,5.667233341283352,235.19645511727109,109.97398332390982,93.60466748352667,9.318689074337295
2018-06-01,NY,T-Mobile,3463157,186385,2.206870528145056,69.79736700544812,8.249597289186383,153.866259660405,133.00192162600194,86.41170830452685,9.554416011601365
2018-06-01,FL,Verizon,12881188,166873,2.5588750982976904,81.90123025634091,6.156858798037286,213.00439857180322,127.53341621104532,96.34636270253992,9.622046902733693
2018-06-01,FL,AT&T,14011844,179868,2.2413785479201622,70.78198849945122,7.439674581742781,137.60494692308322,121.96631486645651,93.02937638945839,9.522387704018369
2018-06-01,FL,T-Mobile,12839157,154482,2.4896416557668712,63.63743132506545,4.359312350938609,275.3301523656401,132.24684725751885,84.71757356405767,9.550089838821453
2018-06-01,IL,Verizon,2827388,146960,2.385029931985712,78.78775231028155,7.46852183435345,110.56079209370562,110.06621794416144,94.38729307845738,9.245065628134133
2018-06-01,IL,AT&T,4029590,156204,2.1441262788389324,72.54498850112898,8.613114923528695,174.69251922883467,104.2091969152057,94.54619988307775,9.195120049785157
2018-06-01,IL,T-Mobile,4748282,180690,2.0786382689683953,64.95254086921379,7.700187978633617,290.06255058611833,116.23308459361918,95.03937505525187,9.526317534837801
2018-06-01,WA,Verizon,3452524,152332,2.3961785483840585,78.09889184145842,6.803542565117147,260.5286619591421,108.30083164289712,98.5445031933395,9.341362810243544
2018-06-01,WA,AT&T,2727219,162520,2.3395595936385725,71.18592838737545,6.706965811897334,113.79160327128423,108.99845923520047,91.34623929192028,9.208497079587863
2018-06-01,WA,T-Mobile,3711096,164549,2.255761049187677,63.421765903364125,5.971960923484823,112.5306406910709,137.36843897092433,91.5478176531123,9.859585649978214
2018-06-01,MA,Verizon,8112297,150414,2.524435175570958,73.41284196796111,4.885437751791838,161.73974867463906,109.35965764798902,95.52778886090803,9.318898399107411
2018-06-01,MA,AT&T,8529858,187004,1.9695721278926048,63.14755642755298,8.858648525425709,222.58003217238985,105.64795671383033,90.75141481158833,9.204026014348727
2018-06-01,MA,T-Mobile,6727891,183931,2.2750720015434642,65.6705333189875,6.144755172562068,258.7979432736012,129.6346665008139,92.38631475800787,9.70757743956664
2018-07-01,CA,Verizon,3687922,167384,2.370893143319499,73.91857978738621,5.936163010713276,254.40249526199807,128.8310977714716,101.38621513568972,9.879022611626262
2018-07-01,CA,AT&T,3724580,151080,2.1705842565885662,64.5076946548154,6.7251416300529705,226.91648351006074,105.52678104341248,94.70554735024444,9.30662509482743
2018-07-01,CA,T-Mobile,4085696,173559,2.219408079523602,64.20335948594473,6.966850976229207,296.7042945430444,120.44877420650647,86.79740125723718,9.370863926987798
2018-07-01,TX,Verizon,3428766,173980,2.536303634499218,79.23666166624629,5.625711469990902,132.44668115649586,129.85729995679864,98.58584518266174,9.762354737953363
2018-07-01,TX,AT&T,3369351,183657,2.2310473877545176,73.95279260682388,8.27975712225809,194.23357978656293,123.0596991732719,92.0032752156151,9.481764313865654
2018-07-01,TX,T-Mobile,3651906,193715,2.3594328611417996,63.89952676455594,5.216483701912356,190.07019578108253,142.57059956689093,89.69093039580835,9.90314463556651
2018-07-01,NY,Verizon,3670503,163038,2.3112360571742254,73.53271564224328,7.007636836880362,231.05648193833164,117.75744841242431,95.86545719826037,9.495785527773865
2018-07-01,NY,AT&T,3760438,138608,2.3280542591783187,69.40378289195013,6.564415285779869,274.8453448276703,94.39109097245935,90.35798700826966,8.904523600777775
2018-07-01,NY,T-Mobile,3197780,202717,2.284511272721907,63.7831250263638,5.865217528563612,293.2486821413596,138.43414309396,90.46294749490076,9.844740036462584
2018-07-01,FL,Verizon,7046050,160578,2.515605158153739,77.8269366308036,5.7602549051542535,109.22471286714676,117.81379288841269,96.4908083946908,9.472730743300941
2018-07-01,FL,AT&T,5586481,155845,1.98044931616134,72.38315025393753,10.0,267.63043671038486,93.07881111442781,96.72136889174108,9.039385786501413
2018-07-01,FL,T-Mobile,6292316,171163,2.6092369369368584,70.12748369893464,3.759154680176766,168.16313995796932,126.44916101775954,91.73972690241577,9.579900190438316
2018-07-01,IL,Verizon,7057736,170739,2.468272565557096,74.26181253561015,5.648228375135327,290.1062105172407,134.7907897340576,95.21408476415743,9.809620212249774
2018-07-01,IL,AT&T,10610738,131199,2.6253679941645505,68.71209332644823,3.1873650726563323,222.15601421515365,101.0566737691158,93.01373650987807,9.124424637414174
2018-07-01,IL,T-Mobile,9412864,177726,2.1238396275967077,64.51960161330008,7.342680152900932,117.4185533591543,131.03544138639393,93.22843893792003,9.772365979732479
2018-07-01,WA,Verizon,8476794,169244,2.250067555944476,73.04130968276532,7.682985408941713,159.34552822081798,108.3455732977998,94.24600968166592,9.263878659578321
2018-07-01,WA,AT&T,5806329,153327,2.2819193633029116,67.54414996118626,6.227839256201539,180.84794592884185,101.87595001010236,94.61797103006595,9.200616631492164
2018-07-01,WA,T-Mobile,9217876,191980,2.169576016490315,61.77530282807264,6.41982417928374,265.80354650909817,149.00935612994573,92.39476221427634,10.0
2018-07-01,MA,Verizon,7321947,155552,2.1244368051131985,77.90837160158021,9.550621785219024,234.59332447888647,110.56149294576282,97.86684483965034,9.368151488088966
2018-07-01,MA,AT&T,7575099,162840,2.2503543064161944,73.91302072863446,8.065092408683315,174.91057740402425,107.4674508997479,92.13968672881633,9.174409412573103
2018-07-01,MA,T-Mobile,9088890,184065,2.3945676632016077,59.94968542333715,4.388259867007623,235.42412794700186,148.91387849550338,86.56000585643729,9.975580891369814
2018-08-01,CA,Verizon,7993448,148797,2.758751475780031,73.57288420880641,2.3924371564436435,280.01663660329615,116.45012715886712,97.34624927517328,9.513661179344478
2018-08-01,CA,AT&T,7328453,150035,2.4994765863358186,63.883116168983754,3.6394141208202124,208.3409624820008,115.00844474944456,91.42443249618353,9.404070708184559
2018-08-01,CA,T-Mobile,9350093,195599,2.1043239861961576,66.48185561598116,7.922843370735086,127.8393402691391,120.80615408413577,93.30287890499571,9.550390892672775
2018-08-01,TX,Verizon,5044467,175517,2.442760581944622,75.25434859393188,6.542842987601885,126.47447580699449,136.6444025394821,90.80420911738265,9.704470838371803
2018-08-01,TX,AT&T,6642991,185366,2.287114265461788,67.27190569107816,5.895960623083972,160.48949565787598,142.54647293154127,96.87277860513782,10.0
2018-08-01,TX,T-Mobile,6125015,153628,2.4816185784564384,58.40116784449834,2.5751210848713724,220.4233970709559,131.63061067429416,92.8892669946391,9.835278544880072
2018-08-01,NY,Verizon,4335781,156801,2.3971595192160944,71.76092789249296,5.962582487108206,237.54440848611213,116.11481546911114,94.18007899229445,9.430089400226127
2018-08-01,NY,AT&T,5043971,150306,2.2858594034604596,71.53925626029188,7.032356574229917,248.09522639070383,104.06159837753361,94.16900643223862,9.190909597914912
2018-08-01,NY,T-Mobile,5088037,165414,2.4042395649763146,62.76529206558065,4.6496434500512365,169.76410679389585,128.65231420884882,88.6101931330175,9.603699157511695
2018-08-01,FL,Verizon,15334017,156905,2.585038352888578,74.46236857612384,4.58085541409355,159.05809880958867,112.30857650212701,94.61234772245439,9.339918275954933
2018-08-01,FL,AT&T,9623033,122121,2.4169805400651616,65.04124390648334,4.290654110057167,277.73181605307974,79.80487844179174,95.47789270587887,8.810021910947366
2018-08-01,FL,T-Mobile,13549273,183175,2.0525316226020087,65.7097452526286,8.73941755593956,204.03397846215023,129.74425687808005,88.77215268566069,9.600952265605136
2018-08-01,IL,Verizon,10240759,185241,2.2784445987672215,75.45706461610116,7.76998677216222,216.6533035626091,122.09069230117865,95.36980163385796,9.5483372488783
2018-08-01,IL,AT&T,6864613,154847,2.450691009454141,71.92375117998516,5.66073176180969,235.0280122299336,111.10889478887768,92.17108379645934,9.268072897871482
2018-08-01,IL,T-Mobile,8776082,188254,1.8816483372682313,62.58806877907779,10.0,299.8932496431261,120.29996032490958,87.01130383133244,9.390457633647387
2018-08-01,WA,Verizon,7031725,186173,2.0869419594044643,73.47557940705806,8.90493506894149,264.4359773632847,116.03337840178082,99.20761218425481,9.56214013949268
2018-08-01,WA,AT&T,5744000,147090,2.5694816453726252,71.12922857829255,4.260673837450611,228.96652080446276,125.47999753924019,92.70355424481646,9.579414292346371
2018-08-01,WA,T-Mobile,7948046,165451,2.519388819032729,67.22247303626038,4.97357286705683,102.93867773099078,127.81964121801781,82.77033549867957,9.36727815895814
2018-08-01,MA,Verizon,5230933,130957,2.8206310761345312,75.04505767978287,2.6076418646088246,143.961069764638,116.71465091537269,91.95058910002439,9.342360114510358
2018-08-01,MA,AT&T,5070109,156211,2.555497568646747,67.52992238626473,3.5470358203830203,214.12992477618698,117.86312709880447,94.03972970402454,9.503155209234178
2018-08-01,MA,T-Mobile,4865971,198672,2.2120206626261156,63.80741053713362,6.595789832957379,287.47568763286415,154.0737758393122,90.4548564820819,10.0
2018-09-01,CA,Verizon,13578211,182864,2.481218565762763,78.8758400897006,6.650863517072596,140.9962419053633,127.68342949486146,93.12118843239897,9.558545841972194
2018-09-01,CA,AT&T,9077612,147929,2.58598917708114,73.72955031164308,4.589148703841648,237.99994746178868,114.4960903007183,92.96869587675566,9.341687179200605
2018-09-01,CA,T-Mobile,7927724,198145,2.2686515148488455,66.96396248872402,6.369305551809202,252.17086890289912,152.88947489713206,93.36971797447146,10.0
2018-09-01,TX,Verizon,3041525,151358,2.5675155552927076,77.0639008563481,5.152447177103938,218.71218707575719,103.82637049891432,95.85177441238608,9.181441633786388
2018-09-01,TX,AT&T,3560413,179447,2.2098026725713464,72.4925569728381,8.350566215648097,132.53994876171316,113.5561334878566,90.49918453206057,9.261172635990569
2018-09-01,TX,T-Mobile,2867625,184018,2.2710552292521937,62.3812109697813,5.960501812930746,232.48680234021361,123.52458194364841,88.05188088503573,9.488235955726227
2018-09-01,NY,Verizon,6185495,120526,2.716783194265508,69.88590895951118,2.1676656406682424,183.1207791814671,111.96027601193022,96.41684208578917,9.432851693217167
2018-09-01,NY,AT&T,7432838,168207,2.1789853055298893,69.4546741723512,7.758352602868853,269.16991009199353,124.2025693244196,93.42729176302494,9.592323397655628
2018-09-01,NY,T-Mobile,4875330,145638,2.4163195568334848,60.78273580804113,4.137464840567471,275.8993141456253,138.99435040755722,88.55886752705904,9.828825675882504
2018-09-01,FL,Verizon,4081757,197689,2.2083513331758855,78.74343359374875,9.338457509280603,218.08621796453866,144.34408633237683,93.26715877710289,9.897462154023136
2018-09-01,FL,AT&T,5985347,189896,2.0516605372595516,67.10272775318123,8.675662041932235,183.188780916371,123.96848201813327,92.28278136108491,9.5768258036634
2018-09-01,FL,T-Mobile,7563636,172767,2.0054562705805514,61.8854925587392,8.99473794186825,104.13427377838089,112.5077995698979,83.27797864074076,9.129640425032788
2018-09-01,IL,Verizon,12362147,160833,2.6817058715032633,77.91118016954056,4.087646233700705,201.77811111821117,126.06723059136183,96.77531085174768,9.645492135684261
2018-09-01,IL,AT&T,9870648,162484,2.4183439667716145,68.73209931783532,4.928081709181416,169.06839044897757,114.39501230620226,96.34898486669508,9.491048798946544
2018-09-01,IL,T-Mobile,12286879,196087,1.966873060185339,62.86251742157529,8.888840776307383,105.03868279184587,138.90383163519786,90.14932106154288,9.853931090334491
2018-09-01,WA,Verizon,7041872,176983,2.3100105592441134,73.01903658157966,7.160106496896285,225.00583721704115,130.11076457551079,93.43595226978512,9.675103493787974
2018-09-01,WA,AT&T,4745358,152518,2.477617537912881,70.30558211913956,5.007390538089433,137.38288812169233,107.60101082919839,92.77550506609668,9.232229547375473
2018-09-01,WA,T-Mobile,6092225,183179,2.0183391351471567,64.29989813370939,8.475144094968234,114.42221858588704,117.49931510793606,92.01444180302076,9.46742057491225
2018-09-01,MA,Verizon,7765954,141635,2.414172150991819,72.10872322136817,5.902695296859098,113.5005093367644,106.7168504853495,93.77327837496344,9.226448128742211
2018-09-01,MA,AT&T,9973438,141317,2.5456518326428195,69.74968609062891,4.156280373749373,231.35121269491142,110.8757821895359,93.37138517948212,9.321160338268893
2018-09-01,MA,T-Mobile,10320269,185147,2.570032647540261,67.43418966347478,3.7034734224947634,241.3259739757419,136.55601427549507,90.83038034797586,9.781689799314428
2018-10-01,CA,Verizon,3945151,159472,2.4510845736595543,77.17417157368277,6.139096175514486,287.93030225870166,127.22588501620106,97.84892402626527,9.708243705375152
2018-10-01,CA,AT&T,2765267,175326,2.3998685270024227,73.51427904329162,6.595712188412042,263.4504622733642,115.82448124654832,91.08458350222053,9.313884339564666
2018-10-01,CA,T-Mobile,4705531,171971,2.1501116828714606,59.36767134429167,6.920659746359627,218.96064293555793,118.68586388736391,84.51757693784103,9.315567872439592
2018-10-01,TX,Verizon,12263340,187315,2.145356335723104,79.25106123894489,9.42387439163406,113.69174386671561,126.83328992811069,99.72774498923872,9.735987535849926
2018-10-01,TX,AT&T,8926533,179312,2.3151492592718506,76.42414935553323,7.6614197009921785,185.52026674066747,129.9251535316812,94.7191757739596,9.675836850297081
2018-10-01,TX,T-Mobile,12446795,171065,2.359290117111986,67.3795081003793,5.966928499504749,121.07864362156104,117.43493105720744,89.16071949451249,9.34972512497573
2018-10-01,NY,Verizon,2425808,165313,2.783760552843198,76.02015388370667,2.754144838339805,248.5061665680843,123.53430866486413,96.12280409969549,9.594168757451081
2018-10-01,NY,AT&T,2692132,167023,2.1021097141826064,66.72386260164713,8.06623703079968,204.31987920227164,112.17831879512215,92.57438347703679,9.353559254197075
2018-10-01,NY,T-Mobile,2698060,161063,3.0027130695856927,69.43304563381304,0.4778760676880207,248.12522977887411,141.20737444816652,83.81602363217658,9.644297741590497
2018-10-01,FL,Verizon,2101172,154838,2.609153910723028,78.3566448608952,5.324943428300278,162.20049894653604,114.91610628741932,92.5484643664848,9.291209608133979
2018-10-01,FL,AT&T,1791889,178703,2.0937863922988997,71.14344413996297,8.979499214641162,140.73342755453697,115.30191307342912,93.11325690362435,9.388001527177684
2018-10-01,FL,T-Mobile,1463866,191763,2.195132829103204,65.03051570516816,6.795610903500942,122.8571539995959,135.37315657544204,92.59163946500651,9.834907158407354
2018-10-01,IL,Verizon,6938221,212522,2.2341335070791946,74.3299483773488,8.10219024139866,193.0110496601289,128.20759303981305,94.22464363279154,9.647591686006521
2018-10-01,IL,AT&T,7580820,165332,2.2506987468649635,62.410851368183614,5.603046969848489,229.55484659006842,109.12801351236851,93.72135835138599,9.370092507107113
2018-10-01,IL,T-Mobile,5256171,186951,2.218072113037513,63.28587733565026,6.302024581115639,221.68178717600355,144.57078625536568,91.74429755639284,10.0
2018-10-01,WA,Verizon,6134237,186033,2.1190797637382506,74.37313753432795,9.026018532007978,113.29266515525443,124.57280404615241,96.57811337475104,9.6450681068223
2018-10-01,WA,AT&T,6179351,171191,2.2751567139898783,67.83808098450415,6.301740426555069,249.99555969041415,111.97292265631206,95.14308630446978,9.415370232415293
2018-10-01,WA,T-Mobile,6896467,172569,2.0270153542680456,62.036507957238605,7.8664648966312685,140.45083610490698,126.2949190140997,92.70683152135994,9.686738246350407
2018-10-01,MA,Verizon,6289509,195712,2.189075051545199,79.55785177092531,9.26133555447513,227.35234340886544,144.19791733010464,97.59484284257941,10.0
2018-10-01,MA,AT&T,6934223,173231,2.44127387420119,71.58517843560315,5.944288889245331,257.3416681414618,118.16339155938344,89.60008055863396,9.335418463590656
2018-10-01,MA,T-Mobile,6890081,167514,2.3854330613304118,66.06766813266296,5.28901877758811,140.21303040998902,131.03797181096093,90.70184235640362,9.681138025584698
2018-11-01,CA,Verizon,4352447,183743,2.5314127437014387,77.27036603996095,5.511839052651597,104.48517783241103,132.14797056894386,96.28106718326207,9.75868776647713
2018-11-01,CA,AT&T,6689729,186409,2.003051381545272,71.1604255620676,10.0,272.8866493736728,126.33948183523648,92.01571296960799,9.575656770172293
2018-11-01,CA,T-Mobile,7083660,194094,2.165295314429537,66.8765240504931,7.770462965977982,218.63164380789362,141.89515042665042,89.51888699825265,9.854704377975658
2018-11-01,TX,Verizon,5832005,165723,2.2528320696363444,71.16968114360674,6.808203310018017,219.86042322788757,109.78025889609204,98.97412222339888,9.45313203318774
2018-11-01,TX,AT&T,9059729,171253,2.34507230442449,73.99260154110151,6.999532876992045,260.5621869649001,115.58139514518507,93.48264386983357,9.376181203587693
2018-11-01,TX,T-Mobile,11429093,165889,2.5014007574139008,68.3387170021428,4.38512919706077,221.36939110802783,136.22711223900268,92.6860662922878,9.82173706352726
2018-11-01,NY,Verizon,12150728,168479,2.4955750044916445,77.59895985078617,6.314324699737636,255.1823065614612,116.4593845313291,92.49717225503154,9.328113259769667
2018-11-01,NY,AT&T,8282244,140546,2.4336635141676117,66.41886703701752,4.643029189949841,288.47669080045534,108.883976691571,93.04109075777544,9.304723586194507
2018-11-01,NY,T-Mobile,11646728,180446,2.019874459902675,67.55320764206184,9.001142737925337,131.19617273978662,119.2016084621148,93.10754191460285,9.501726350259764
2018-11-01,FL,Verizon,1882034,192234,2.345109554962767,75.56769593971778,7.083684178672635,233.44246743883622,136.41159539091575,95.7875945964325,9.846182786314113
2018-11-01,FL,AT&T,3072949,139191,2.6280422672748647,69.7757674955495,3.062153072659613,267.6460842163601,106.33492979631949,96.12577753701639,9.312714247081386
2018-11-01,FL,T-Mobile,1866450,150878,2.2884295084924764,61.234676752230094,5.297607596392469,228.9490497153637,114.83357450579209,90.65032669128789,9.403834523332177
2018-11-01,IL,Verizon,11653718,166519,2.52495135140264,76.3259580191851,5.618317362713299,293.9853050690382,108.9513720693748,93.9736072709732,9.23497607932484
2018-11-01,IL,AT&T,9463022,149815,2.5130985333552665,71.55999722739344,4.6352180114282096,274.81435466103704,101.61414201552769,95.45796100497813,9.180421698185963
2018-11-01,IL,T-Mobile,9650825,170113,2.4188351810404374,67.48738948200834,5.945336131787813,108.01182381013889,132.92192728326373,83.6378995420948,9.492701637108036
2018-11-01,WA,Verizon,14129222,188446,2.536487585444309,76.37305975816065,5.653357691498904,241.62436698012507,126.0730736336004,92.56378405690135,9.534644396797443
2018-11-01,WA,AT&T,9558680,169948,2.403548456189191,67.27119677142014,5.092516774323343,285.6767011272615,116.93324690332601,93.26238018068777,9.463824375772951
2018-11-01,WA,T-Mobile,11401130,158755,2.459038183775818,63.06940790688682,3.6869280303245415,211.29124116509126,132.14940169938933,93.3657171329464,9.813265468907309
2018-11-01,MA,Verizon,4641755,188538,2.377778060163582,72.89181595226208,6.391690494021371,153.09928148581446,135.78118057562185,94.08892094795226,9.809373080428383
2018-11-01,MA,AT&T,2683376,154439,2.3302294870407017,66.73504153891284,5.782814058575112,152.20970524696963,119.96570510579447,92.61899378800437,9.510533500366892
2018-11-01,MA,T-Mobile,4421235,190675,2.1466609759756223,60.05289969395208,6.019761219659526,194.1920504869467,134.6667098196608,95.24208959374667,9.950067887266096
2018-12-01,CA,Verizon,3923512,143679,2.460170192833382,74.29033413834316,5.711063169400413,245.94238129948445,110.5295334215947,95.45301729934403,9.331277846028783
2018-12-01,CA,AT&T,5970645,163946,2.5248160080818134,70.38795279445038,4.711907968574417,226.44763017357218,123.73807827427105,91.17522509497522,9.506138790390175
2018-12-01,CA,T-Mobile,6265052,177701,2.004544663116261,58.8526283406392,7.628338966664704,119.74744137653317,123.59470543492513,90.96740070300524,9.61238984638227
2018-12-01,TX,Verizon,2467175,164861,2.604385756908445,77.96604168103421,5.35449794776313,257.89845968481046,123.92597664465984,91.94852819359264,9.457314961890633
2018-12-01,TX,AT&T,3715347,163345,2.2848086635379214,70.08989632029176,6.831953242435604,279.5487133019451,107.46669668845054,93.37939386243532,9.249816786439153
2018-12-01,TX,T-Mobile,3922962,191684,2.1624457238542205,61.13070325470482,6.5339739710553015,127.91977347196001,122.85485467594262,90.67709441343457,9.566102893374842
2018-12-01,NY,Verizon,2816228,173923,2.669762699771531,70.70615283708584,2.928419462849964,285.6203671019573,130.90749351990425,95.15184106851898,9.765643574082796
2018-12-01,NY,AT&T,2353538,157201,2.4566539377154024,70.5060739760183,5.415360701323426,187.63534333327107,106.43261436740973,91.19314716726211,9.159385962605874
2018-12-01,NY,T-Mobile,2940220,157714,2.362704506955316,60.44808135296452,4.917832340644361,163.53893950943245,125.03289176069592,85.44738860395381,9.459598679802886
2018-12-01,FL,Verizon,4734899,165411,2.172324808739994,74.34172822222948,8.698252696336812,188.78076646398233,123.02311305147643,94.46844860709145,9.551098437019977
2018-12-01,FL,AT&T,5682570,159298,2.3085145027252407,71.49823320758381,6.675867441269324,211.8810851454714,115.38132964568466,95.38634172995029,9.454234512736363
2018-12-01,FL,T-Mobile,5865392,147162,2.493881765981674,64.06890086542379,4.062141303502836,223.8686908273823,106.62245166564847,88.12821209765177,9.135606387588284
2018-12-01,IL,Verizon,8080152,179052,2.0188870211146197,66.88955961071528,8.781045143202117,244.84650952238985,117.29823279256026,94.07996567794741,9.499468030082475
2018-12-01,IL,AT&T,4442646,146636,2.5635710976041066,70.82078144901836,4.063783423341764,155.54381747016876,96.11014863827542,94.64661890420837,9.053393725401577
2018-12-01,IL,T-Mobile,5817029,186279,1.9582626199775115,62.85298995884708,9.128539037892061,126.39306392479234,130.60442789925813,88.59432754102242,9.641388484627363
2018-12-01,WA,Verizon,6647554,150870,2.572536927585945,70.67446672200086,3.5559582568596917,232.55925484194432,123.63182298291271,98.53565811681035,9.721961535942555
2018-12-01,WA,AT&T,6391823,143538,2.518980667177173,70.29977551665172,4.3280103168074335,181.54315413304505,109.21761407656736,95.42138114751181,9.343995960790185
2018-12-01,WA,T-Mobile,7727919,195387,2.3722366390444547,67.58730022866607,6.681016185484047,258.1041020543347,134.67826725235957,81.14077469804619,9.451915583701917
2018-12-01,MA,Verizon,1714142,137920,2.696282281484395,72.89175666990184,2.9299195049352806,166.05693350041687,101.19989966092237,96.85609014201138,9.20076313077977
2018-12-01,MA,AT&T,2152246,158084,2.130876665610242,67.9690145846244,7.66038362372522,273.11247663444067,118.94723514647137,96.2465263709724,9.586650348212356
2018-12-01,MA,T-Mobile,3253630,149712,2.561901966446509,67.16443797127204,3.899718520795709,225.0660339908908,137.09929129200526,89.14149408993609,9.744586268825467
2019-01-01,CA,Verizon,5018181,189209,2.278490541674838,78.58566201456514,8.457678590145107,255.49109343647712,131.94563431184127,94.74548396019546,9.695420584897038
2019-01-01,CA,AT&T,7908958,180631,2.125957026463779,69.8287286625596,8.432624078698806,125.49713602804924,113.76321777031183,92.73551389175323,9.359042485533235
2019-01-01,CA,T-Mobile,5673961,163025,2.5188051974024055,67.52611519197411,4.381423425511418,116.33345517201926,128.3712687900842,89.3574763885935,9.572888515539747
2019-01-01,TX,Verizon,6249940,169558,2.310838268535451,65.43656557187957,5.24489068718208,100.00614376907649,122.76722972588317,97.34039741839321,9.721190861350664
2019-01-01,TX,AT&T,5476073,153306,2.608890351398803,67.47486416188598,2.8223630493595575,177.74526957530935,107.88333018068823,95.83706269029608,9.358029842703786
2019-01-01,TX,T-Mobile,7236299,191327,1.927827989725174,60.102191762938034,8.411912035809085,163.04788692989015,120.620744234636,93.30246419526782,9.610466892921375
2019-01-01,NY,Verizon,6920525,187590,2.45878111451346,80.28356437460212,6.898947825664614,105.13792897388163,115.40451058838244,95.69953904121212,9.376240739257991
2019-01-01,NY,AT&T,8126271,160343,2.713147841694117,70.58839437707172,2.90207894989305,227.5548283691183,129.708642707178,90.8412150858013,9.613525362946882
2019-01-01,NY,T-Mobile,5977558,151805,2.657068199241426,69.19878393543738,3.31574450302977,193.2363182255114,109.7458191667952,89.5333029164345,9.188927631474565
2019-01-01,FL,Verizon,6239143,154490,2.73324768964597,78.03124147875197,3.619601943808976,174.00490482856318,130.87356825715963,96.54169455481716,9.733409787000188
2019-01-01,FL,AT&T,5094497,161914,2.3782507535987065,67.83379602101311,5.939229020980028,100.03730563413262,124.81515792841583,88.45022647235527,9.471471992528844
2019-01-01,FL,T-Mobile,5167991,171499,2.408372418531595,62.70142258620966,4.006365395006071,273.63385906530084,124.96443374182627,94.50194936919912,9.707332930050404
2019-01-01,IL,Verizon,3460367,188840,2.5009145838681768,72.6920699265242,4.971694966958513,159.09358492535188,139.88768023914545,95.57573179664563,9.938104859417034
2019-01-01,IL,AT&T,3641306,115830,2.6572162036531592,69.01401395451312,3.134121758628972,163.00207447534632,96.08053759296844,90.96518995742058,8.960426311036855
2019-01-01,IL,T-Mobile,3979231,152843,2.419703697178701,66.19608555086671,5.021521534001811,223.5863119692596,110.68623139206962,90.2065860438452,9.257961353648081
2019-01-01,WA,Verizon,7587053,150100,2.6921516672269368,70.9334115012712,3.252000905153388,152.89436333343815,117.30997224116891,90.13164722831482,9.340814746660111
2019-01-01,WA,AT&T,9944358,156253,2.2543976509244397,68.99545454918565,7.126919908366478,156.67281377822366,122.32213956339768,91.28194492226258,9.494946593443975
2019-01-01,WA,T-Mobile,7132762,207576,2.388467890123721,63.13489533128334,5.537030027999575,105.16187857263634,157.5072303053733,82.05270137019882,9.980376693900595
2019-01-01,MA,Verizon,1999095,141757,2.436282421206912,73.63635684376966,5.838243004269078,124.65675585978937,103.62395082543328,95.2620415241574,9.193976693795692
2019-01-01,MA,AT&T,2183795,148581,2.4769656421177757,73.46077102995078,5.395638826034757,183.0886001184179,111.10389639107697,95.26858958777642,9.345527905155324
2019-01-01,MA,T-Mobile,3938162,182686,1.925789844782574,66.53449872608559,9.87030808012046,195.01797457335363,135.02714891773257,91.78693217270916,9.78880595627507
2019-02-01,CA,Verizon,2668910,150863,2.4745941360428922,69.8935968000759,4.891889413174432,215.67195262330802,135.99156684528614,93.40888586411823,9.823161944828511
2019-02-01,CA,AT&T,2209837,154670,2.572685817240157,70.01863406686536,4.343205090412702,179.20019327712305,98.26120035591028,89.33663550558795,8.945136731617191
2019-02-01,CA,T-Mobile,2982182,150726,2.4715116069478986,60.925364994421415,3.206131817064082,248.45427845045737,128.3963991895517,92.6382511234122,9.737821867549185
2019-02-01,TX,Verizon,2055187,157880,2.524656043261608,71.70572611969195,4.789309193245437,282.39191683992664,121.63210255027354,93.05275598076875,9.507167469231614
2019-02-01,TX,AT&T,2535642,146171,2.507901877032083,67.98531369824721,4.221102501520903,150.72255417194165,96.56128394440725,92.96941467807709,9.040454982247986
2019-02-01,TX,T-Mobile,2854469,156097,2.4516097178342435,61.90793179573859,4.276230142010121,165.4841917466896,124.9495134881971,85.8925903879516,9.456688663445103
2019-02-01,NY,Verizon,10977790,156280,2.5562934586568824,75.42824500813487,4.5619866646371925,262.3732248020759,104.36910501839586,99.60727750420958,9.321317975412857
2019-02-01,NY,AT&T,11232499,148287,2.273583620272552,68.90824181953109,6.9017827504250295,144.13021192434968,110.00682818957483,91.44029410755672,9.254262968822887
2019-02-01,NY,T-Mobile,8549597,186684,2.1515627836566438,65.56261635324189,8.008753269526265,253.1717287769484,127.15844902071203,85.88142164555681,9.463985466248525
2019-02-01,FL,Verizon,7087624,148081,2.409544877826219,80.69330105023793,7.528059563145719,181.06507212939067,111.6670504175751,95.15151868639676,9.280953558441023
2019-02-01,FL,AT&T,11224457,149314,2.4643384576835077,67.03012662234396,4.37799827274231,261.7652646983368,106.2265792305219,93.84642474891403,9.269623060854418
2019-02-01,FL,T-Mobile,7549637,201133,1.8863666654457276,65.48146887192044,10.0,123.99058834619396,128.71100815881812,92.32627119926812,9.689193610435202
2019-02-01,IL,Verizon,4174533,206231,2.1605677856340986,73.72119432997073,8.53073218606313,227.67011548408635,134.86663664253174,96.0782882359003,9.842469436627937
2019-02-01,IL,AT&T,3262398,141443,2.743667600191743,64.19430824557672,1.2050022577406843,241.1270792737963,105.76224544392008,91.97183389457228,9.232456843259802
2019-02-01,IL,T-Mobile,2733765,163650,2.379251545060793,69.35144235468766,6.120273955936584,299.0948304693629,131.30893487943797,89.57499064393019,9.61991399335979
2019-02-01,WA,Verizon,8016959,136989,2.909566088070764,72.98677371928036,1.175772189899166,190.2533228146229,120.88914325813079,93.25921673249269,9.485691629944593
2019-02-01,WA,AT&T,11595375,149069,2.551394306612896,70.60698044465242,4.320759453489903,269.1307044554685,121.13694237683679,92.86693569311622,9.502677113883697
2019-02-01,WA,T-Mobile,9461124,184368,2.171168560572673,67.48814238076758,7.801155636386433,275.2384956539112,119.64377652524672,89.84787234040355,9.413430276909365
2019-02-01,MA,Verizon,7903642,162891,2.3332937943721324,78.00440587660242,7.575802803455319,116.2328448927429,105.74836803937735,96.92140428143838,9.242565430464676
2019-02-01,MA,AT&T,9239150,136775,2.706656277830414,68.50097402515605,2.2825452578126577,155.88906146378054,112.46015964176034,93.5108676891441,9.36951948325797
2019-02-01,MA,T-Mobile,7267476,169976,2.2733844569239974,61.65078566014991,5.41252382688385,112.28502585196654,117.52804395706569,91.8378873590616,9.489189643311663
2019-03-01,CA,Verizon,1501658,152434,2.4600549555336335,78.80586307380962,6.918780832655707,283.16151667013446,110.16206082309178,92.41842226769882,9.187735253754704
2019-03-01,CA,AT&T,2049708,174501,2.319794768467625,68.97523623547382,6.174307880764349,275.6831726089923,131.36520745290102,94.22791681654162,9.76438929119953
2019-03-01,CA,T-Mobile,2006993,173923,2.4176688671413613,64.2694208324442,4.112270819154306,258.62570759261126,139.01551256574766,95.6492467592092,10.0
2019-03-01,TX,Verizon,5469128,166628,2.3191999356124224,78.8769996425045,8.363782185919924,113.80738738227498,124.80908092748895,92.19618386456753,9.47329713806176
2019-03-01,TX,AT&T,3557372,177824,2.503087124449415,69.06907688384528,4.58042201553293,159.97951859890725,126.7390158874206,92.02522116741979,9.604846183932553
2019-03-01,TX,T-Mobile,3941759,161124,2.3385105843402503,61.678529549592646,5.268988126029468,221.9625523096234,116.16537488171635,86.81611940486556,9.311005784284367
2019-03-01,NY,Verizon,7273699,155759,2.313714612503587,75.51991409785738,7.252980803021116,148.04388664167712,102.68568571102735,97.13855891514488,9.21267134069632
2019-03-01,NY,AT&T,8808693,177655,2.362304412172856,68.13204040461588,5.9828634239784675,143.31583712544818,129.5330325574599,90.20500535216146,9.615490407667883
2019-03-01,NY,T-Mobile,4686508,153615,2.322827295225843,59.612190345989944,4.67764873034347,245.02223198666323,113.36246804968007,90.16516386596088,9.37608237351253
2019-03-01,FL,Verizon,1491441,157352,2.7240575195908474,79.86777450669872,4.51603314381611,226.94882822080592,132.91635226760445,92.16946561615163,9.624733268769651
2019-03-01,FL,AT&T,1738420,145111,2.0055843225499164,62.2347501033874,7.899045835922018,241.45578238113345,93.88432640897172,94.92060959256294,9.102957314922449
2019-03-01,FL,T-Mobile,1865605,126092,2.7295023793018434,66.97517753576747,2.2791040001513863,229.6929113800474,122.27431251243759,88.20907713983678,9.422006789086181
2019-03-01,IL,Verizon,6205363,156629,2.727652880266301,76.61288970884964,3.4419385275604273,133.09995493273112,123.14479472483404,96.04110611546486,9.578000180872131
2019-03-01,IL,AT&T,8515726,155948,2.4876710774488484,70.14792499456067,4.7835469851104815,160.55502565439343,134.84969953586653,93.69327239313168,9.806312912565675
2019-03-01,IL,T-Mobile,7803951,172259,2.030226818185561,66.51872296791778,8.894611398783614,138.4046738272689,127.50635898374054,91.06865012944338,9.616999453878934
2019-03-01,WA,Verizon,9049620,175149,2.349448837505806,75.2705479124907,6.857840796361977,261.0233702632355,126.10897673900797,97.01780411078106,9.680008178978683
2019-03-01,WA,AT&T,12691964,146849,2.4008663746886745,68.48733710823352,5.0891646173769285,234.5511972493848,104.79495092029411,95.9963905738303,9.290917364538455
2019-03-01,WA,T-Mobile,10641702,162948,2.3085932987472515,63.47683066009058,5.166884740323594,296.23631175876847,128.32575798316407,94.42548404222006,9.764511374328977
2019-03-01,MA,Verizon,12570099,179194,2.461211286192716,73.55749863146406,5.823817511941853,189.81570282697515,136.845797460169,92.75569352423801,9.78401176861588
2019-03-01,MA,AT&T,10294811,177353,2.3165649039418765,74.79561433628902,7.724447023773954,191.1299098879755,126.20975966249388,90.69026804065084,9.496947091106511
2019-03-01,MA,T-Mobile,7199087,182423,2.4551692428579175,67.797304612864,5.169799422073261,211.84362635369163,143.7004366117099,88.37969071920365,9.847426407681668
2019-04-01,CA,Verizon,5734850,151391,2.4480551522226865,77.12935287175107,6.270143759723588,138.39108779914517,107.72264658395478,96.75175292399757,9.285711990681513
2019-04-01,CA,AT&T,7982880,144965,2.4975839315532764,65.60619381024813,3.9194994660183897,141.80740747718446,111.38645894711803,92.2589998049847,9.339437234989418
2019-04-01,CA,T-Mobile,6085493,146207,2.6356437694783117,66.31169329264112,2.9754488145178506,107.47939808175946,131.41440512923356,89.30452149227257,9.644306814426436
2019-04-01,TX,Verizon,2932197,170047,2.725816541328118,76.67595274504143,3.5625693426502485,240.16168360034806,125.95490897639257,95.14455793076858,9.606675390000495
2019-04-01,TX,AT&T,1822157,171726,2.2623669356657103,73.636476065651,8.109718138421773,136.13150826226064,121.46030144142065,89.93907718051325,9.3910135835873
2019-04-01,TX,T-Mobile,2523479,173797,2.2762589315881065,61.18573766862459,5.803214034497524,170.95945793127774,139.57791614472904,86.7134418334633,9.781104201212234
2019-04-01,NY,Verizon,8328547,153278,2.552356285613003,80.39617505505393,6.077007291269617,250.0661551639912,134.4058508060188,94.78664863611135,9.727754724653176
2019-04-01,NY,AT&T,7287758,134206,2.7490715164120987,69.73250025509509,2.2653108626009875,251.3855318682883,114.11395877158361,91.90474024297043,9.342096380169835
2019-04-01,NY,T-Mobile,6085047,150903,2.5923395076703697,67.98905296277235,3.6958766794701225,202.63797834196595,123.28856393236879,89.78538836380646,9.479442399933845
2019-04-01,FL,Verizon,11096676,138898,2.544994678204063,75.835045903934,4.83018469316446,107.8723759639459,119.02169187900057,98.86877705581706,9.588146690215183
2019-04-01,FL,AT&T,9222045,114427,3.067269572826206,73.29190056263113,0.0,155.73886318570516,93.53136141707154,89.85684384264164,8.83341353799437
2019-04-01,FL,T-Mobile,13522564,166924,2.4730567741316682,62.4294444046166,3.7478920781778995,117.39340405118661,138.46946501769912,90.0742906142874,9.847323574736437
2019-04-01,IL,Verizon,15329520,166929,2.8249538215936822,70.07233993910063,1.2160875913739524,133.83237876848403,128.447743757817,95.48842180509351,9.73288412991814
2019-04-01,IL,AT&T,9537521,156626,2.3433290863841423,74.06671880713104,7.008966512766034,176.9031627412533,90.8978807121353,93.7108638481875,8.888616341617022
2019-04-01,IL,T-Mobile,10567716,188007,2.125606801119671,60.37064531617139,6.328589530741138,189.10356289863222,134.7143986649484,94.89471521296427,9.937422976526182
2019-04-01,WA,Verizon,11301310,167224,2.1951966123967726,68.21612691974958,7.092547219115332,293.3468455070216,127.59514887486108,95.98712040866859,9.749355320559784
2019-04-01,WA,AT&T,12907973,137739,2.2877398236083395,65.27965071969335,5.8057377816847255,164.14671646231426,104.01562419418953,93.72794126170548,9.239354214538022
2019-04-01,WA,T-Mobile,7378851,185878,2.0526438052841103,67.27976822914242,9.058608388973772,117.71566792732881,145.0913101340455,88.70907204013608,9.890300681593569
2019-04-01,MA,Verizon,1317602,163385,2.313573121144374,74.37459536837878,7.079309190507929,117.91320486326214,116.48488198100719,96.59878671724087,9.48391528745358
2019-04-01,MA,AT&T,1360051,129261,2.4516768011820957,63.68466643581163,4.031551036878362,171.73227260529183,93.64011164560226,91.88614238463008,8.992539840092832
2019-04-01,MA,T-Mobile,1788939,175208,2.1610422904757463,68.24805055095105,8.280626830005216,191.5926428979071,110.35042041333062,87.58560375427534,9.152096015385363
2019-05-01,CA,Verizon,4802439,151122,2.5266223908892314,73.68252218736936,5.098495781669699,285.9299215402657,123.4515114980644,93.71784746911857,9.543740432161151
2019-05-01,CA,AT&T,6715950,168932,2.2115864314110962,65.51696107749581,6.511295407700859,187.7298036871969,109.99443704245165,94.7623249368734,9.387588878180276
2019-05-01,CA,T-Mobile,5286866,161415,2.5877664310785833,63.58909057218811,2.7504372812054756,299.80989962072897,126.4544297130299,90.89716522446312,9.620112645272611
2019-05-01,TX,Verizon,5750709,149740,2.506764887047604,74.29070345976126,5.187515102260944,177.01161114379232,113.83169122877729,96.02976719215275,9.414619805742516
2019-05-01,TX,AT&T,4690176,159851,2.4938217660245456,73.66619582258855,5.670878060754652,104.92888092726453,119.42788514140075,91.24143443517602,9.38913877765741
2019-05-01,TX,T-Mobile,4807920,131120,2.339342912133177,63.63084061598757,5.254118959139727,111.02030703176622,105.0193898250706,90.78620042726018,9.187665403159341
2019-05-01,NY,Verizon,6424203,175756,2.297309914103429,78.1168102843093,8.090622860207919,161.3862145962465,118.33522613051979,95.59640055619649,9.453428436453198
2019-05-01,NY,AT&T,6984177,150358,2.368462380382945,66.77187166165406,5.639747737804358,189.2298512914339,98.04683201809414,90.30002790697002,9.002218760954442
2019-05-01,NY,T-Mobile,5148012,177271,2.2135311126712653,68.32506525053792,7.609541043787532,245.4904782572241,135.74320494074712,89.201608796074,9.707661710191783
2019-05-01,FL,Verizon,10621370,178437,2.3349962131752235,75.1931177126167,7.412516073820605,243.12414339435716,114.99948549025447,92.76145336950502,9.330902133764074
2019-05-01,FL,AT&T,6153205,165354,2.3473141066651984,70.58886750344428,6.351240616451521,165.71412654645886,119.42002916936565,92.93391817585345,9.470529453628474
2019-05-01,FL,T-Mobile,10588050,175717,2.1848462587998037,64.79209391188667,7.311942929919283,143.5457799365867,131.33482028075179,87.98013264460013,9.618179445834173
2019-05-01,IL,Verizon,4887669,186478,2.08005956024838,73.23200330571791,9.354754175610978,250.96549167246624,114.92266696770244,94.91050883048803,9.413448571211509
2019-05-01,IL,AT&T,5088326,157588,2.2114552640639946,69.35779690681642,7.380945372243026,133.7498876796459,109.50795083826631,93.76061368480309,9.309399458241256
2019-05-01,IL,T-Mobile,4941446,199101,2.193688094698248,63.7477088540317,6.688107843126933,126.06408663446717,143.4664343143448,91.24552980696922,9.969217491955655
2019-05-01,WA,Verizon,8672716,158626,2.7678982559439373,79.40121490512995,3.7041283635812445,184.95666830483725,120.3360131664399,94.97132058005369,9.461847731679109
2019-05-01,WA,AT&T,14372845,125443,2.468871653729406,71.72460660951515,5.218483173870959,263.4214198333523,80.63837969900844,94.37721610738006,8.726838011106418
2019-05-01,WA,T-Mobile,14655752,166216,2.0306220736553855,61.985908701037175,8.06131559197493,236.11213322776757,111.5136430836948,90.29645411678648,9.319307398167119
2019-05-01,MA,Verizon,7656265,170310,2.399251440634243,72.94098945919552,6.15551983998216,283.1628696381488,134.5211769918256,94.40163645514514,9.793062738898913
2019-05-01,MA,AT&T,10512451,149803,2.628751653371333,70.08423632214397,3.6262375408118572,297.23535945673893,104.33605408785277,91.03093189903606,9.116806675506696
2019-05-01,MA,T-Mobile,10246895,182554,2.139623045415002,62.691312856504624,7.094605349553948,172.24321179516235,135.45786713532357,90.47426767596956,9.796472244420512
2019-06-01,CA,Verizon,4760678,163694,2.6083488120978107,78.87382151704763,5.396795732713908,228.74396126498917,120.81142518955411,92.94480449717514,9.41583442353586
2019-06-01,CA,AT&T,2783667,179382,2.0889088297922127,67.3924180643452,8.572964129288948,103.81983987074517,111.40293410680297,90.16431185657962,9.259063857189997
2019-06-01,CA,T-Mobile,2500937,163683,2.2986753894892673,66.78356322636957,5.918314064967836,135.57681174689992,110.1956577043398,94.51644685413403,9.37157092744712
2019-06-01,TX,Verizon,9225540,169586,2.0976487978348732,70.65920379059142,8.629629289688562,299.12903533486985,99.82661201877589,95.25723490080993,9.147657249493902
2019-06-01,TX,AT&T,6794720,151155,2.2608522461913743,69.51672886821498,6.563837576252625,167.0813626992694,110.45563881141898,97.30985735476628,9.433241208189218
2019-06-01,TX,T-Mobile,6858617,183167,2.119937070469489,62.92584615446533,7.375128703988274,132.913211685867,123.58333179869618,90.10669822209898,9.54560912109224
2019-06-01,NY,Verizon,3645103,165459,2.523705664815732,70.10599466874878,4.248216565701439,201.83159311252052,118.0857003076745,95.35925719891002,9.521431775433301
2019-06-01,NY,AT&T,3904778,157897,2.124925714740565,69.18931504291814,8.130848864552517,153.77138258083434,109.43854868014796,94.5775699662546,9.334204922161415
2019-06-01,NY,T-Mobile,5396567,183345,2.431231729394704,65.22208805702371,4.897085383289844,116.13395347823547,141.0228937492915,88.35014934167857,9.81874147466595
2019-06-01,FL,Verizon,12662826,147360,2.422085878754768,75.82157184119738,5.798229248907859,154.70840580038737,122.2955114026154,101.4522633178394,9.731262409175516
2019-06-01,FL,AT&T,7863783,157113,2.290898334266668,70.8495130160091,7.069613812301047,125.11642054203213,102.76654831256535,91.91305448234093,9.104227470561444
2019-06-01,FL,T-Mobile,8407427,180145,2.23069219419105,68.77804138422331,7.372495946663885,216.98617879574434,136.26466091777587,90.76190388270282,9.760369920994368
2019-06-01,IL,Verizon,2883644,150983,2.5899677569929476,77.31192367693913,4.930486658311354,224.62757074956508,122.94971455708821,96.32220507146994,9.575541206516471
2019-06-01,IL,AT&T,2145699,157837,2.435068392198219,70.74864456879423,5.494473489807629,240.0695777733139,112.65462659495728,93.04571501969025,9.33697753680191
2019-06-01,IL,T-Mobile,2760948,177177,2.6363602404777957,68.60735374394922,3.8094589623143906,269.35700037394906,141.66784993203208,85.48409381697498,9.7118062757104
2019-06-01,WA,Verizon,3734552,156758,2.6597673208222274,82.751420546453,5.378786170200853,134.10760977964517,105.67403370208459,95.7382473086747,9.158113887837404
2019-06-01,WA,AT&T,5467391,133024,2.7104194902327743,67.50033440364136,2.4165411603322773,246.20206982789662,112.2435555774313,89.79330818068252,9.263667012932688
2019-06-01,WA,T-Mobile,3157844,146398,2.438146963134006,68.97409611491915,5.688784143374119,236.665272525546,116.9315014254499,87.24565448269644,9.2662587018407
2019-06-01,MA,Verizon,7672618,179153,2.488862383185741,75.34342787938648,5.788419224296575,125.44497738740215,119.59428127189848,93.91642519723307,9.455944102561098
2019-06-01,MA,AT&T,10343657,156288,2.291487235532463,67.39208637637738,6.206558306013886,220.5692760791273,113.40462446483656,93.56986613936962,9.401267609714045
2019-06-01,MA,T-Mobile,12724570,153467,2.7713300839982185,67.90814536084699,1.8911195560247105,296.2195249027019,133.40867845125828,89.77208676162506,9.682254718265447
2019-07-01,CA,Verizon,7121165,143672,2.347709772370949,78.54470314925744,7.89762619294324,127.21124688632858,117.23977351444431,93.3421671319876,9.359613452755939
2019-07-01,CA,AT&T,7062188,171577,2.012483011794658,70.44080589516007,10.0,212.31890154243882,105.46892410624912,89.63331061085434,9.093969741499013
2019-07-01,CA,T-Mobile,5027572,186714,2.069845055061741,67.98134664359132,8.747828770422899,256.54913485027737,125.331093830592,91.49990007677955,9.571805412479314
2019-07-01,TX,Verizon,7184055,145695,2.661013138504375,73.73185662092187,3.9739409767543243,110.24485928086266,103.12776250064299,91.622989623863,9.073926372519532
2019-07-01,TX,AT&T,9679739,153872,2.382321592474735,65.64835068025388,5.110104739075661,241.44566566708465,98.46507574015216,91.9634947222776,9.071722849668832
2019-07-01,TX,T-Mobile,10713748,178034,2.134522934004697,61.606872877112345,6.841927054254807,230.14487686676006,133.05243126531352,91.34218181120693,9.785245350871355
2019-07-01,NY,Verizon,14998141,145077,2.7369076399755343,77.86781242729309,3.587173932081901,123.12112212230244,115.68646073080714,96.17312153621376,9.420244736429625
2019-07-01,NY,AT&T,14216578,180614,2.347192241930215,72.16474268535296,6.3416561588472735,232.88475731853558,122.35292514850424,96.19369958921169,9.611222063792907
2019-07-01,NY,T-Mobile,10810853,164215,2.6288943110304452,61.9814992627546,1.7965913437803955,128.32344899732345,127.49891541004341,93.10765398466074,9.723392935113145
2019-07-01,FL,Verizon,4259237,188965,2.1973550194715536,78.09429803487693,9.057495701081816,176.47266621232558,119.18954035278256,95.87813711178033,9.479191940060293
2019-07-01,FL,AT&T,3334557,156808,2.3923716081378523,72.66123932933885,5.705589442628805,244.70691466621773,119.70804852537204,99.02942341860442,9.638431279772185
2019-07-01,FL,T-Mobile,3325044,186246,2.4866879577441234,66.70031517855254,4.685254892010551,107.51324590879612,147.82454216557315,87.87928566258721,9.925866261403554
2019-07-01,IL,Verizon,10881330,158053,2.5884647428088803,75.86703736659702,4.582817466123569,227.0855841405944,124.9066215660986,97.05942579107032,9.651244831388112
2019-07-01,IL,AT&T,8965847,189510,1.9090074957795395,66.95609087506986,10.0,151.38285693845867,115.21214578359354,93.01143217218578,9.425024972086746
2019-07-01,IL,T-Mobile,10725647,185662,2.365389099578602,70.4046188417757,6.4257305130542575,216.29078958572484,133.09968660984705,90.01302259514857,9.65833822163364
2019-07-01,WA,Verizon,8442654,146919,2.4070958936378952,73.4369941829784,5.970627171216253,165.90608275479934,101.98497003491923,96.45812729000473,9.199073277568743
2019-07-01,WA,AT&T,14036547,141849,2.8182702747505384,72.2216360976233,2.0286732883928815,288.13803754464635,105.76109957677647,92.32951183626395,9.162890985647214
2019-07-01,WA,T-Mobile,14990151,166872,2.432740263966741,65.00962960329049,4.614269753055977,152.45486436299697,127.8033054764904,90.60253527934712,9.624045871877318
2019-07-01,MA,Verizon,6575723,171739,2.3476636344817243,76.43351760986685,7.377967905450108,242.73041489874853,127.82111276650944,94.32099271706022,9.621716860743327
2019-07-01,MA,AT&T,7577184,167201,2.5003729725318005,69.99722012130954,4.720546140437271,244.2448934997833,117.37712880053745,92.75168158506636,9.430120822349645
2019-07-01,MA,T-Mobile,11836378,190712,1.9893489017403407,65.6720093999946,8.822010414647234,229.99041963317782,146.30734954636372,94.18902447948278,10.0
2019-08-01,CA,Verizon,4381754,137821,2.6205645149472154,69.81149280110206,3.5327731519281884,242.93921780132445,101.01476969935429,92.2388025882007,9.089344543622085
2019-08-01,CA,AT&T,6618037,132365,2.5646712514469012,71.83112109917586,4.340984882235965,101.9938469469037,110.97827174707923,93.78526823130194,9.314812270888883
2019-08-01,CA,T-Mobile,5986784,175795,2.1438192028611107,63.32574094958998,7.264241894455623,137.38145929002363,125.92539892708399,89.62714266851269,9.574064849101159
2019-08-01,TX,Verizon,10171916,162654,2.3846148017716007,77.5084369671173,6.912939502857416,167.2787446805819,124.07458439947109,97.42599872850039,9.62918728017326
2019-08-01,TX,AT&T,11353070,153799,2.171040060111566,66.91442504296248,7.257537158181424,218.72971702147217,95.14423929896525,94.14947249295406,9.058224710338301
2019-08-01,TX,T-Mobile,9184548,172539,1.7819703888540888,59.15828292598671,10.0,133.8844804186494,136.6678534467242,90.11952696656454,9.845360048671553
2019-08-01,NY,Verizon,1888407,151253,2.6397184424305538,75.25260302501812,4.2194911599026925,270.879902665136,104.7758530573326,94.3384502079539,9.173144537135087
2019-08-01,NY,AT&T,1477335,163686,2.1589372521622847,73.68926539167394,8.776401877708322,123.34958055375911,99.21487258635403,93.72078679003616,9.059028401511426
2019-08-01,NY,T-Mobile,1915980,172245,2.257103602052905,58.01167504663227,4.85123509907412,181.2732810554923,119.26671967777105,91.80063889723283,9.559236810006084
2019-08-01,FL,Verizon,2890253,190452,1.9832818871084843,71.8319076001,10.0,227.87496010855511,126.7647866877304,95.33562648935158,9.677045452434156
2019-08-01,FL,AT&T,2014397,157028,2.1836377765521373,68.20053393004045,7.638746536278813,117.75465339124653,105.99084806455873,91.64982484207901,9.187306367253141
2019-08-01,FL,T-Mobile,2757474,186479,1.7885060851641814,60.118985237399755,10.0,169.34375224718224,122.34937667089073,91.38736195838138,9.587418539795259
2019-08-01,IL,Verizon,2137030,197127,2.2939100222770037,72.39367094701903,7.036985691928248,274.8950206567285,144.0622392285324,95.02648274705521,10.0
2019-08-01,IL,AT&T,1688120,139349,2.271116477926822,71.93688881352716,7.126903864790998,183.0522875145641,100.0785221130678,95.49309118646214,9.146994289719949
2019-08-01,IL,T-Mobile,1667890,155679,2.4252434974662975,64.12778834058656,4.702254001264631,148.90808859685987,118.35114201106958,88.70868692189707,9.387005564472437
2019-08-01,WA,Verizon,5639371,139593,2.505572073811074,70.49859686165095,4.50630348201583,115.10541720517737,117.27589983396312,95.37695152203621,9.501840573723838
2019-08-01,WA,AT&T,5812558,174508,2.1802151667352287,67.0466335106077,7.3090115054462785,100.76605810006451,120.84198244043543,92.98163529322973,9.535822372499522
2019-08-01,WA,T-Mobile,3245858,171387,2.107718190542868,59.55337511142399,7.073951393887482,117.29150142403046,122.28259185403218,87.59541722968638,9.477980602856993
2019-08-01,MA,Verizon,6917405,169873,2.3362829506834153,77.31240665996391,7.999429606530881,190.6832461248536,111.01830616847886,91.0022221862775,9.177308722358264
2019-08-01,MA,AT&T,3771759,152196,2.3526769343138083,71.06507685380478,6.395498271076138,160.70078182959045,100.95052167061934,92.90747756546732,9.095583991838357
2019-08-01,MA,T-Mobile,4408534,163707,2.798055540673791,64.01694037601365,1.1516987659253886,259.93837240055825,145.88940328444082,86.71133902539431,9.878958832690508
2019-09-01,CA,Verizon,1543123,168974,2.370049740926397,78.76285466732068,7.64280129398352,146.82053299412811,120.28465939212289,94.09272230216648,9.440846310234246
2019-09-01,CA,AT&T,1673231,180677,2.2518517989328486,70.93102785983486,7.3322529361944655,218.2703408106419,119.64979550486137,93.35434646444021,9.484316025432085
2019-09-01,CA,T-Mobile,1369569,181302,2.4359102765523577,59.068325464283056,3.636322861182017,237.96473857952748,147.33762691521542,88.18239466151012,10.0
2019-09-01,TX,Verizon,7761801,133054,2.65636051053151,75.72060728569187,4.330449641413221,152.79510394196598,115.35205796081716,92.50066710410054,9.32485509948244
2019-09-01,TX,AT&T,7332938,138516,2.5110893307122324,69.60191733541879,4.409105528266023,270.8910166370807,107.7179942049779,94.00384631695414,9.278456100253994
2019-09-01,TX,T-Mobile,9053918,193202,1.958968813418963,69.22676468081517,10.0,271.76831668285206,136.44192211038842,92.55664801973404,9.813270235991638
2019-09-01,NY,Verizon,12186640,160398,2.6615295223909325,72.90715064817283,3.7475235858278744,282.16684539795074,106.50226930618769,92.18611319897366,9.166557275611234
2019-09-01,NY,AT&T,13004052,155889,2.3312109960077647,65.7687183885273,5.691252930552142,125.7508874736111,109.63410025657069,91.5038078707567,9.280109057368843
2019-09-01,NY,T-Mobile,11057701,163433,2.423182105422895,65.25787216405165,4.825691681937592,252.65898239945633,128.30147642322268,89.94061696643787,9.611669315817073
2019-09-01,FL,Verizon,9298310,136981,2.93722513512564,78.2969500723259,1.9747561669604599,293.79357241645994,120.9945189691266,93.12382496248314,9.430635627533766
2019-09-01,FL,AT&T,5888648,149440,2.6649638649070053,72.34469666164652,3.789865368280051,170.715024726455,101.73135443930171,90.29435314979202,9.020010716663329
2019-09-01,FL,T-Mobile,10307105,177147,2.2471133960981406,68.53009097950307,6.6893390386584715,169.75224947921768,134.89054133370362,95.4554519626074,9.876173475757264
2019-09-01,IL,Verizon,2901562,139502,2.763600984829943,76.51374544343217,2.9942587826352214,206.7108867107159,113.3186406996839,96.72480457751779,9.402979496884889
2019-09-01,IL,AT&T,3099814,175223,2.1845892040940518,73.87618100297956,8.631016581880207,291.9184295218468,114.6142483295852,92.98327577775189,9.343021429894463
2019-09-01,IL,T-Mobile,3095463,220154,2.047898471550395,70.06756680095503,9.339845562809277,189.14596418057383,146.98290392426955,91.94683081877781,9.997387335039175
2019-09-01,WA,Verizon,2229323,182943,2.189063637158272,71.45543051500611,8.109555628553313,205.45102999013542,119.6397896424556,92.9089410286519,9.465509718558607
2019-09-01,WA,AT&T,1764683,150008,2.33595812589597,70.69161138348491,6.674726132693732,220.19143899949944,104.66909597984167,91.04014885043551,9.11767027127505
2019-09-01,WA,T-Mobile,1537194,194686,2.0198811629234856,61.17684459659325,7.6807136478711024,247.65910209566152,122.76035269532213,93.5584364221269,9.650191700604317
2019-09-01,MA,Verizon,14943847,173461,2.112140121898373,74.97793603905356,9.176121683020519,108.63405817258828,108.95620155436882,96.98064305806466,9.338763962438781
2019-09-01,MA,AT&T,13538866,170887,2.247069204458056,67.34104152888901,6.629157967573449,131.6904880361526,103.29016535505387,93.68358293623793,9.202900379899326
2019-09-01,MA,T-Mobile,11925292,184714,2.2169135762990395,61.11719803527618,5.831737518950595,250.467035595577,145.8354890977694,92.22566325114244,10.0
2019-10-01,CA,Verizon,2688300,180181,2.7235702526208683,81.32341036327253,4.363135360192132,161.23918409641624,120.10947816347044,96.65844186253692,9.488708715512791
2019-10-01,CA,AT&T,3706566,163321,2.396644675292466,73.01620832448995,6.261347878154796,272.90826831641675,109.79587856733872,93.75447033818531,9.278389598247434
2019-10-01,CA,T-Mobile,3013615,165340,2.4245739066192176,63.360271063260626,4.47292546671705,292.3776477451416,150.5849195482289,89.53389679742904,10.0
2019-10-01,TX,Verizon,3687636,175013,2.3463178750351723,69.80921180854696,6.092012773472682,211.97810636915708,132.84041006836287,94.0665083788499,9.780711334647284
2019-10-01,TX,AT&T,5233915,151229,2.437572209810444,66.97921791716456,4.871607640279027,176.63289371182515,107.88931330114806,91.48513845049442,9.232548240366148
2019-10-01,TX,T-Mobile,6069005,187461,2.408574478166357,63.80030002967205,4.509664459365299,279.01703455326293,124.09171889092524,91.6465076490554,9.593226606993447
2019-10-01,NY,Verizon,10637933,182182,2.0434779539101413,73.3438691545108,10.0,133.82497252883562,104.46387570424595,92.3399429180075,9.126037110080036
2019-10-01,NY,AT&T,10869847,156682,2.29072336425951,67.29321133694725,6.333521039778856,109.71254465913233,90.9667952296968,92.17887585015492,8.911770066729112
2019-10-01,NY,T-Mobile,10547882,187278,2.3216287908440507,67.04190500508166,6.11117388042698,112.85054459092221,147.8200458699872,90.80919212148844,10.0
2019-10-01,FL,Verizon,7044507,164058,2.5139801375389386,70.03085841857693,4.6473336971115,106.24271206774951,120.29430591677553,92.19036611214499,9.47128851751409
2019-10-01,FL,AT&T,10980532,156382,2.3806998372695545,65.32578179243946,5.218726938497296,138.75782600467096,116.975869703392,90.39431047295051,9.39808889033196
2019-10-01,FL,T-Mobile,9648843,144542,2.603013746477325,67.54742781779657,3.450961785385261,206.72338626184217,128.9302853014152,90.28386313400807,9.611647321870581
2019-10-01,IL,Verizon,6402433,156928,2.474668457529723,67.48028528838985,4.078220728867923,243.3437171535284,125.30369060909192,96.71151753512817,9.732616485351786
2019-10-01,IL,AT&T,6224059,146699,2.3697765079665514,69.62893805979692,6.072367887913206,238.81446670619687,111.79455984277178,91.55654644380665,9.286298209571665
2019-10-01,IL,T-Mobile,6429233,206007,2.267818702290495,71.00057655056652,7.107136543527248,215.95329148685462,138.056285067037,94.14791743681099,9.875557458939404
2019-10-01,WA,Verizon,2001731,131084,2.489926992619136,71.69044685630072,5.159944545411675,214.48154519355302,102.81862509623964,92.78874899657112,9.123130503258919
2019-10-01,WA,AT&T,1500045,112935,2.6984802851104686,78.78181027741999,4.1570979531421575,117.1820776405641,101.09622941739923,96.14461251237155,9.118444860944932
2019-10-01,WA,T-Mobile,1179171,187856,2.15680813750984,68.73021739156148,8.45606041921627,157.24486144799886,128.41348816530987,87.2190168399763,9.49753809458987
2019-10-01,MA,Verizon,7674486,168359,2.3466945445559864,72.31201244049065,6.976190762758365,151.20423461230263,137.6750239576534,90.19266279779895,9.73616023868213
2019-10-01,MA,AT&T,7455367,130867,2.6698627435858753,68.55297527436178,2.6217750920583103,173.45554025614183,117.15493096769485,93.90192526955295,9.47462662469687
2019-10-01,MA,T-Mobile,5756465,172965,1.9240637833786192,65.93898891360449,10.0,102.55308530357948,140.6014381867127,89.47159948934707,9.83678685927862
2019-11-01,CA,Verizon,8714600,178313,2.3554545322208433,75.5263601958855,7.0485341935452706,154.34150377081858,124.7636615646934,95.02192523423395,9.590667386362032
2019-11-01,CA,AT&T,10578940,136528,2.5879966161848222,68.07249584991774,3.7430781100317523,276.74667776627734,96.8891393763081,89.91454898103574,8.954494298458055
2019-11-01,CA,T-Mobile,7843264,182824,2.5746684230218992,68.5547338616703,4.120603160852982,231.55775600723723,137.31108531012563,88.43659381262084,9.713772181964435
2019-11-01,TX,Verizon,6144324,163278,2.5446780983627377,73.85696749171629,4.797746894662306,180.93074832971,131.65916520255223,95.26865620053574,9.752673315149956
2019-11-01,TX,AT&T,6204470,168868,1.9940955340098752,71.80774080393502,10.0,226.1177394617087,107.83085009573462,94.20592820688252,9.264717440081817
2019-11-01,TX,T-Mobile,5027936,184598,2.1324703939290792,65.00226652236378,7.3717156372168375,129.62015972542548,117.98411811859482,93.0403372796513,9.500869815537797
2019-11-01,NY,Verizon,2743926,171932,2.5671723923000633,78.57111144021363,5.559071512211447,144.41643764179798,123.89878755714884,94.83426852830642,9.537292692590032
2019-11-01,NY,AT&T,3971490,175761,2.2834025552155732,71.51390086277816,7.121000477332429,268.1265289638251,114.35732322218017,93.4775414306747,9.376333698736063
2019-11-01,NY,T-Mobile,2957485,163058,2.4149877928577017,65.33726736484465,5.251963165285801,110.11937073531635,132.52749224244002,86.65612379106112,9.596860884932187
2019-11-01,FL,Verizon,5513593,151725,2.73411127356942,73.92128934588958,2.728841946367504,296.71945994775484,129.67945513140938,97.14303187116208,9.768667165304153
2019-11-01,FL,AT&T,3980469,186436,1.9275634122449081,68.46311456121708,9.926171769363009,140.03084224987336,93.05026561483388,94.90817020431325,9.023619272813905
2019-11-01,FL,T-Mobile,7217691,175837,2.771918375209053,66.6992750839633,1.5183065119545232,155.48534696019584,140.2003650690209,91.0236475274761,9.867723976365069
2019-11-01,IL,Verizon,4265636,159484,2.4475122344729603,82.92603573147787,7.444893970441958,222.9806029133872,110.92054286477384,96.65190831124013,9.288707749317902
2019-11-01,IL,AT&T,4718306,176310,2.0424853565543293,70.55491172521947,9.414659619118446,168.79592726327405,117.38823283450365,92.71469160382159,9.423656287552525
2019-11-01,IL,T-Mobile,3051902,175141,2.351814326647127,64.7146650568977,5.333924761892477,147.4140782348356,128.6447373102113,90.90864983015791,9.653007590539985
2019-11-01,WA,Verizon,5251465,204111,2.1723013686153028,75.73621218361744,8.756833576031811,135.92906317282635,118.32194455253533,96.67395174538647,9.509295321576127
2019-11-01,WA,AT&T,4873465,164664,2.2541015488993787,70.83545524163424,6.784383242389104,261.17154106681244,109.27414789597714,98.41692316943958,9.42963610058639
2019-11-01,WA,T-Mobile,5649631,158617,2.2847885092737696,65.10834313546891,6.289727275718368,287.24807756144065,131.42359242935862,88.84056258637722,9.6426052948238
2019-11-01,MA,Verizon,3774804,163166,2.3616973470815568,71.48548677549115,6.0434589819794455,203.6436631271855,115.1574164806917,96.36664902303218,9.479292932549885
2019-11-01,MA,AT&T,2997355,155081,2.0811376539411652,68.91085040893427,8.581096451535917,100.14337174131596,102.26970290397297,93.89697090839287,9.173194681241904
2019-11-01,MA,T-Mobile,2925586,186736,1.992481269161302,59.181783775574374,7.780020253652859,176.2293764069471,141.3594784594382,91.31523809848994,9.974828874387718
2019-12-01,CA,Verizon,13435094,179391,2.471273940626722,75.39749143048694,5.78842379587047,182.22978646802773,132.3855799615565,95.78335083959699,9.76723721011417
2019-12-01,CA,AT&T,9895130,127015,2.4242734503685193,67.48048638765883,4.9987939906733585,202.4600721830933,99.30513379520653,92.54568783173211,9.087668446979507
2019-12-01,CA,T-Mobile,12573052,160653,1.9895499447473988,61.1501318042485,8.742774647766524,249.83156463530634,114.1033922803359,85.9175226560919,9.24809220724699
2019-12-01,TX,Verizon,1582474,146740,2.769612528050707,77.95155703081844,3.390821112399055,163.3204869654826,109.14077470710366,95.03365013257562,9.254309427811156
2019-12-01,TX,AT&T,1114082,116003,2.6868758966890613,71.56226836107614,3.147963765759096,153.82395052760208,105.43502701531638,92.95730939565517,9.181797138565223
2019-12-01,TX,T-Mobile,1878483,176377,2.4599955218243763,64.35043040739149,4.121516918635987,229.5674077216453,136.58954134781035,91.48613944598546,9.832870706261856
2019-12-01,NY,Verizon,6342505,186043,2.0545149720627807,73.78633524732481,9.91699680375799,141.90692479002513,128.38076968081674,92.95120525079165,9.618288198666836
2019-12-01,NY,AT&T,6232542,171554,2.2327046414521945,67.67642617180773,7.121080850607618,296.38106445738856,111.53891111481427,90.87157969231986,9.280161351347804
2019-12-01,NY,T-Mobile,5543375,154346,2.6679053018526493,63.45393741041491,1.9513130035877824,267.7942193348136,117.2247251606836,90.60421459968707,9.428081567100136
2019-12-01,FL,Verizon,14469084,170895,2.397466908846758,72.38833693306154,5.807306737011415,120.89606335079162,129.58816306467673,96.9569156113331,9.776587360302912
2019-12-01,FL,AT&T,14169729,182638,2.3584224197236736,76.22133604840985,7.381261139513519,254.44805517865532,133.24698914323417,92.78781872931717,9.6863609842601
2019-12-01,FL,T-Mobile,10000893,180341,2.4492800816176445,68.58792938745111,5.311357596460006,145.52650716387848,143.18197067234024,89.1342746485377,9.851788359028426
2019-12-01,IL,Verizon,4800423,169522,2.3305985614374642,75.2522831647506,7.368855520836618,277.57186994711054,119.33344523777511,93.75615497738859,9.446830722429654
2019-12-01,IL,AT&T,4139380,157358,2.2361359237636624,68.08134960618972,7.353288136655603,254.76014971380678,105.06681649359224,89.0162254694572,9.091009597893663
2019-12-01,IL,T-Mobile,5930071,181977,2.3040099477224008,62.95895052649179,5.593774702547174,156.4997453241929,134.0239909719701,89.57915925527178,9.738265091832638
2019-12-01,WA,Verizon,8721956,185843,2.439345846941949,75.94335246687197,6.28231082938239,245.93568272944825,118.28326346075217,95.12901194572514,9.460102102918077
2019-12-01,WA,AT&T,5626829,169788,1.9669660051638744,66.19930986122021,9.403132140105713,254.08235741372874,90.58141340620594,91.67069780499588,8.899756103661794
2019-12-01,WA,T-Mobile,6705110,179935,2.1787593896299677,62.36315899025644,6.593102642862611,230.98822091346432,135.2144939905953,90.91935258889002,9.808238867576042
2019-12-01,MA,Verizon,7230832,146917,2.3926690359070197,75.54596964786839,6.729122954710914,228.97120868594536,113.19826523652048,94.5338061579257,9.344519792989496
2019-12-01,MA,AT&T,4737002,158519,2.1102241645151207,71.52906769367397,9.001686060560758,180.45893561526373,99.83475637817398,92.01885833022827,9.041970200533589
2019-12-01,MA,T-Mobile,5411098,157986,2.710584139520879,66.58351804974676,2.2006594382822375,227.61854515929048,122.1815312597666,90.10202776458323,9.480856277635361
2020-01-01,CA,Verizon,9246991,163260,2.6379230576193384,72.87970563104278,3.5637827840992364,251.54698890045876,137.25526579008985,96.32927765915935,9.90618658926615
2020-01-01,CA,AT&T,5548930,137996,2.5831332704185144,73.18629934359417,4.422606981581467,121.22508371298048,113.0931333301634,93.83320182952221,9.344995728052993
2020-01-01,CA,T-Mobile,8219011,195128,1.9857856582438211,63.68534919085352,8.991014937594448,100.90089619605773,122.75012160843201,88.88198318138048,9.484608435701519
2020-01-01,TX,Verizon,2004123,161443,2.2943898224795776,71.18907381934933,6.877158581842011,282.64119236283443,106.29973372635571,94.16757957232082,9.239131323503244
2020-01-01,TX,AT&T,2064194,194072,2.3161699410580594,74.27388319623174,7.7645729851984315,168.49504383726082,135.40391097681433,89.28504243467319,9.643890660614165
2020-01-01,TX,T-Mobile,1837501,188501,2.2824477635555622,64.87598838557248,6.039199233155257,293.8878751351757,132.02225874591966,91.11520808403614,9.725141533583752
2020-01-01,NY,Verizon,6965553,149537,2.7353930637996395,76.45133650200833,3.9712500880361,142.97092128499963,114.83385801239892,89.65086574369172,9.221689767538647
2020-01-01,NY,AT&T,8705380,177385,2.3191374714981983,72.21822846584939,7.232844209629468,198.9965589424922,113.97397023459234,90.1942676855843,9.263125150600882
2020-01-01,NY,T-Mobile,9821790,180830,2.4141254069689695,69.25520763810975,5.323128430370362,192.4913634130296,144.75112364309857,93.8665902756189,10.0
2020-01-01,FL,Verizon,3602009,185684,2.38003476943442,71.03732315248152,5.921833774128185,252.51422255831056,132.68377953894446,94.85283162023917,9.788887307861248
2020-01-01,FL,AT&T,4553902,139049,2.3919001436435146,72.70632255622932,6.160057915204223,272.5942054664289,109.1696056362101,94.62205159606495,9.294990435043857
2020-01-01,FL,T-Mobile,6298526,167597,2.538085209936079,65.00254715739388,3.440563430062732,217.42656031684018,136.89897413257944,91.79093902055253,9.841682181694226
2020-01-01,IL,Verizon,2336408,184695,2.076801138090714,77.04523022644543,10.0,271.6746759522125,119.98732146512504,96.41034664381944,9.521604526352629
2020-01-01,IL,AT&T,1712613,154457,2.545532459139485,71.09618272577542,4.6909328580033804,126.70311027056391,125.14714612494403,90.72979095756858,9.513874823968184
2020-01-01,IL,T-Mobile,2043294,152817,2.336603417867082,62.71890907635161,5.21277683593398,139.81646256559156,126.85585216633226,89.64970800665527,9.599419192762788
2020-01-01,WA,Verizon,13397062,154404,2.592299393156934,73.22609565991038,4.38244383552521,279.29457145185904,110.57950859785184,93.39781364887531,9.281263624824192
2020-01-01,WA,AT&T,13697255,160294,2.308960416653507,72.34733094636545,7.027696902611139,290.66401608685106,103.68690979811632,93.52165120126878,9.155914422536734
2020-01-01,WA,T-Mobile,10246981,172724,2.4463890933289183,61.731455674170135,4.003928076265923,183.90274186750338,129.73597478668296,88.78472125278918,9.640946576575633
2020-01-01,MA,Verizon,6612548,160786,2.7210176915893998,71.24905925112206,2.4463486768479505,161.86484487164458,124.73145453267787,95.93286257482464,9.660124375387076
2020-01-01,MA,AT&T,8420559,150979,2.3971759382196414,69.75811357465057,5.673384089996986,184.87780361450208,107.50630374827519,93.06479242736715,9.244488712040013
2020-01-01,MA,T-Mobile,7007191,186208,2.3451809903376772,65.12169364428608,5.314578757040204,257.46976968194144,140.48399887813542,92.57950068440238,9.93584806165192
2020-02-01,CA,Verizon,6186989,155898,2.711044893359217,78.25914213361752,4.384817319803408,282.91688704434955,117.76527494763062,91.56562173327924,9.319682729614815
2020-02-01,CA,AT&T,4924804,145966,2.3484667814551035,71.52904923172699,6.663836895415774,197.05614342203967,110.8270000363857,91.57305136378592,9.248441049324022
2020-02-01,CA,T-Mobile,6843433,170496,2.4002135652164434,66.55465685133623,4.987621877829328,153.9947273710924,132.87697607011717,93.21173840273484,9.788345104971027
2020-02-01,TX,Verizon,12524376,182729,2.498550112211154,77.72466637978785,5.976708902331694,281.44863345541575,122.97227221585086,95.82723251514336,9.55701575597344
2020-02-01,TX,AT&T,6866362,181014,2.0277147626210494,69.49948626578572,9.355579509491005,149.97349305158588,118.72153105684055,92.67170117455645,9.459586793715648
2020-02-01,TX,T-Mobile,10810346,180173,2.151588294769223,63.7333702231466,7.412969521162912,237.35114405638177,129.11455785416987,88.17821575774175,9.590303927584184
2020-02-01,NY,Verizon,5069233,138675,2.49965456137817,79.19768385021348,6.52505602464665,189.82964054644253,102.95633291703734,93.17935131614344,9.062530359322915
2020-02-01,NY,AT&T,5170160,112035,2.8666304783201824,73.56292341807672,1.3478725732216565,140.70710449636096,95.18854275378284,96.98407327191862,9.077663819052448
2020-02-01,NY,T-Mobile,5432051,151020,2.377342087464614,61.620580625760326,4.2722680672086,241.98661468684926,131.09082970349831,92.78427183297325,9.78913894280156
2020-02-01,FL,Verizon,7912562,150984,2.9339788552739234,76.61750353245917,1.3319542827980584,169.97004721817098,132.54636347770958,96.51757870954538,9.780279595515962
2020-02-01,FL,AT&T,8323501,178681,2.192788150805787,71.55502475943851,8.31185560376257,245.3340938516425,125.08063646152073,90.7126784006726,9.507442833656208
2020-02-01,FL,T-Mobile,6822843,164289,2.675406563364069,64.51943911300272,2.3815494871844987,189.59909093377362,122.01892661629736,87.68272701775356,9.425665951728528
2020-02-01,IL,Verizon,8075530,159405,2.338479916250281,76.84295502048593,7.197075828880722,266.418947216623,113.45835944857889,97.86716012713659,9.436752442580817
2020-02-01,IL,AT&T,8057391,131561,2.713215717962868,72.2902766634561,3.017630517669275,114.02360914939793,110.83156652713996,93.08267635393263,9.286208854526217
2020-02-01,IL,T-Mobile,8075695,175279,2.0388484136784446,62.7394494747801,8.193956996002981,163.90429036149516,117.91619668973077,89.65448762168594,9.420564067697393
2020-02-01,WA,Verizon,8468094,167530,2.1920087718686676,75.03221269132258,8.598124436104413,164.69755232862923,120.00304669348728,94.88230383473427,9.496207921998549
2020-02-01,WA,AT&T,7169004,164305,2.2792732986851507,67.50959976825862,6.235363519403552,131.06866050200338,120.3115998483567,94.73823447396666,9.573283033503548
2020-02-01,WA,T-Mobile,9031419,165382,2.0215735797544014,60.621784779864356,7.872003494557044,293.60419224552567,111.83364429550895,90.36617663871819,9.341440337273081
2020-02-01,MA,Verizon,12371789,155000,2.2759503437469792,75.37798846291052,7.854843715284602,256.6673383849241,113.54638169108979,94.6125053982771,9.355522911141003
2020-02-01,MA,AT&T,11328127,187606,2.0120750829101643,70.53507895707963,10.0,128.8335631636099,118.01693238255977,89.86264962314281,9.350867346774685
2020-02-01,MA,T-Mobile,7165240,187948,2.372726935532304,66.57355637756586,5.551921212289967,238.36937598919363,138.76472955541703,90.35520707900166,9.820215239702732
2020-03-01,CA,Verizon,6015478,122019,2.5821906618850408,68.75384099471361,3.268040586099809,136.94278191397663,108.25278418790911,96.60820993992505,9.375763572008799
2020-03-01,CA,AT&T,9011754,161471,2.3188350877262294,71.52204898264111,6.769870503784586,122.31646262664827,107.70348436288482,93.46188415481338,9.242705722075687
2020-03-01,CA,T-Mobile,5960551,164236,2.4214540169780805,70.4136353528375,6.037068139636744,101.18564306737564,121.99792723151783,88.31118761149949,9.385157819446967
2020-03-01,TX,Verizon,1938100,141360,2.886814576499073,74.33579002315678,1.4284455110101,272.7154006278292,112.17408637451867,95.70566728630524,9.371293845847964
2020-03-01,TX,AT&T,1765369,155177,2.650752513718887,69.72137649582085,3.6938313365204354,228.9812647729834,120.57179129614433,87.42918825454863,9.337097708601137
2020-03-01,TX,T-Mobile,1827960,177923,2.535973350789465,66.79261311768418,4.5773935461010415,123.28910481694228,136.65948837834065,84.21395569541147,9.591682307252317
2020-03-01,NY,Verizon,6218753,181253,2.210587509832534,70.84511028137065,7.461318805494656,191.12327479336813,104.39438397391706,96.0182815245414,9.259985022400878
2020-03-01,NY,AT&T,4300300,164985,2.577754451857327,76.16001643023303,4.925589797294971,212.56252219072599,118.2855522869789,95.28868970178364,9.462771572490759
2020-03-01,NY,T-Mobile,4076944,171341,2.121135096037009,64.7728811945063,7.551639212550137,231.88913174312765,114.07054951790026,91.9158606598103,9.39115799820725
2020-03-01,FL,Verizon,11003415,156780,2.578338561770991,71.99876165458161,4.1922391747528085,108.2998608771423,116.8197416958543,94.24127538453602,9.443645478907351
2020-03-01,FL,AT&T,13546569,146454,2.8120164949452846,74.25128447680754,2.565635028385849,183.41064074058414,131.06910018451268,91.64456917522811,9.628206234179022
2020-03-01,FL,T-Mobile,9520949,186506,2.228002163222247,68.14328109272414,7.256105326165672,262.3626213891557,138.91807554255183,90.92529260156684,9.824687477970802
2020-03-01,IL,Verizon,2024194,185146,2.348101384900877,73.59180551269357,6.605255263059629,248.1559734321345,126.86567746753175,96.3209199047031,9.691023091364793
2020-03-01,IL,AT&T,2948791,157565,2.589682500807466,69.1373256695466,3.622929092077799,114.20491352986532,128.97887292658706,93.07711033756864,9.680517511963336
2020-03-01,IL,T-Mobile,2344988,189619,2.0774079805970285,63.084762743991384,8.122173256317726,243.23290763552222,133.14444590874854,87.20699486510267,9.648251136688136
2020-03-01,WA,Verizon,12352495,159458,2.9256023027962414,77.06057373303676,1.9269152549564614,228.77878835464202,133.00808029897195,92.29176463688476,9.658308807755615
2020-03-01,WA,AT&T,11954530,153457,2.67847656191855,70.5018967016366,2.725503628070671,237.92160380008158,118.22187056171623,95.90110093071148,9.536451472139303
2020-03-01,WA,T-Mobile,14170873,167999,2.2032081365603124,65.253142644937,6.873430496337756,183.97407435645425,130.1369595956654,91.4511666704652,9.693742765577895
2020-03-01,MA,Verizon,1402912,180719,2.301170180809202,74.82780760863962,7.324525964319239,231.89801162491685,128.08662765497286,96.29333749316666,9.702254601808061
2020-03-01,MA,AT&T,1203732,176327,2.1902682035729,67.20068176843867,7.376410612905765,106.37695904171842,108.11897124454948,91.61043705052967,9.238685718722492
2020-03-01,MA,T-Mobile,1879689,172122,2.4800891039869684,66.00883366774269,4.5259412776946055,240.41943767589822,134.36732555564836,88.74934415984245,9.689738499230813
2020-04-01,CA,Verizon,10523257,167310,2.6849682336151925,75.6467990511176,3.7133205138311345,240.16359252773586,116.76528600153934,95.66356960240456,9.448744817591749
2020-04-01,CA,AT&T,8944059,147379,2.0377252515484225,69.07893850716175,8.427411760037472,206.54232440779705,102.03379120187675,100.11123425910655,9.353223466739113
2020-04-01,CA,T-Mobile,9094302,180542,2.3683162976049448,63.90220336766938,5.082615732926103,225.0292183466708,126.39942777425662,90.14661964558324,9.593365111175936
2020-04-01,TX,Verizon,5746899,155759,2.5157749306640524,74.93259306997629,5.540529337004299,161.53101747126732,121.22243004547066,92.88239970350436,9.46159466131478
2020-04-01,TX,AT&T,5386988,149893,1.9812188843106568,69.59780425109088,9.958572811002927,226.6566964665991,99.4981346263833,91.48799196108679,9.03862440884936
2020-04-01,TX,T-Mobile,4546434,174664,2.399231671984647,61.24518922260577,4.044443578082298,208.23761117140486,125.4453294375026,92.12277546592387,9.660137960501709
2020-04-01,NY,Verizon,3966812,176380,2.100924818225082,76.22440773833507,9.870494806086253,225.9841008122519,113.66040141308625,93.65138559329945,9.320505518677358
2020-04-01,NY,AT&T,5435549,144711,2.280622436374315,74.7696306707288,7.882041830748431,153.74014715085366,100.62997486637617,92.65659939654178,9.044601172516488
2020-04-01,NY,T-Mobile,5145977,168510,2.434637263460906,64.99795577167042,4.420962321779374,295.4738121555272,133.58628578561903,92.32256197945648,9.791423017379369
2020-04-01,FL,Verizon,11156499,174179,2.2586486920079953,72.584103643236,7.540912382854593,168.77071510851587,126.9153338264928,93.89421425712659,9.629292067811294
2020-04-01,FL,AT&T,8897114,169229,2.317124440985657,74.01194554409501,7.264790357940609,159.12045550084426,111.21018385234615,93.6635434102182,9.293990523912518
2020-04-01,FL,T-Mobile,8443629,193089,2.2353789718646193,66.63148911920972,7.065297752963729,149.06094341181625,139.53690300626855,89.0721035223202,9.796586274602879
2020-04-01,IL,Verizon,8938192,143785,2.2915490961253244,75.66804139079763,7.260359184730227,275.31962376700375,97.58103645225171,99.57758132176058,9.182267754789876
2020-04-01,IL,AT&T,11376399,137460,2.5406538374989918,60.90641850252973,2.4668025611721016,160.18381463308376,98.29075106192546,93.07942764343927,9.149133665516391
2020-04-01,IL,T-Mobile,12642130,214405,2.2622591078975196,62.03378804474055,6.318354231845162,152.88085958592907,157.9220886790996,84.65812298127753,10.0
2020-04-01,WA,Verizon,7832881,150882,2.5294005990998683,77.92963342546142,5.657609182591941,284.9325376583191,133.54601054358028,96.34311511501663,9.78191733006749
2020-04-01,WA,AT&T,7645486,146041,2.6221863903763847,70.10733136599079,3.842622398098884,130.18319654270596,112.72267098802573,89.56979971335426,9.240474097501234
2020-04-01,WA,T-Mobile,5122260,214743,1.881617757360516,63.100027153886955,9.958356502227646,189.32038022133116,139.9404443771799,88.45471354944588,9.821450022488104
2020-04-01,MA,Verizon,5594895,165825,2.648240374936215,72.20678827113046,3.6457755122255633,115.5678306221028,136.52615060970564,93.13178392638382,9.802408647274323
2020-04-01,MA,AT&T,5261102,172961,2.171833072464845,71.5895136881952,8.430865540255763,216.7779646744097,103.04510710902592,91.68706472734823,9.095618947119013
2020-04-01,MA,T-Mobile,8542715,144861,2.419698182065174,61.172373152581585,4.207126649436803,150.8355428611315,129.89383979117486,88.30366160427774,9.635262912426013
2020-05-01,CA,Verizon,2819833,132609,2.9469026801268208,78.04781167069066,1.9010510286606381,226.84861819550852,107.49974467215951,92.39484504209292,9.141362127999072
2020-05-01,CA,AT&T,2213261,177221,2.19988431509197,72.38476934162668,8.116340187648204,121.38397287596428,129.28843964021758,93.6177052975743,9.670452258315315
2020-05-01,CA,T-Mobile,2232860,168590,2.3264666605184487,67.56560452324479,6.528580420306502,199.23518522022306,128.5971696664263,87.19873879157971,9.512249511843471
2020-05-01,TX,Verizon,8313236,145850,2.9814894528681117,72.31336234584808,0.0,253.4336280688704,127.16553023359829,96.47777940488494,9.714510363360034
2020-05-01,TX,AT&T,5058806,127598,2.7108335352984216,70.30814492371663,2.88410160762332,171.65789272477645,105.4495337933258,90.6919202413579,9.126666833870088
2020-05-01,TX,T-Mobile,8307423,166826,2.4270359942980066,67.32049686363247,5.53180392358608,283.5694845640704,109.65104516550497,86.6193550616035,9.118396586521879
2020-05-01,NY,Verizon,5088754,125041,3.0140867929430977,73.87377766054811,0.0,164.3324942789494,116.79253611365442,96.33887602678645,9.4872792264712
2020-05-01,NY,AT&T,4551616,174436,1.8958298183454083,67.59066749814005,10.0,288.9894841643009,115.32464307788695,95.59835316173927,9.498536781428518
2020-05-01,NY,T-Mobile,5820269,178625,2.2138199140200694,67.89598000148338,7.408672419708157,191.0636820123857,126.6421825804587,90.3232444038782,9.563581183710685
2020-05-01,FL,Verizon,4979660,140094,2.758230440914736,72.6938452184449,2.4691426049485865,159.6085045582712,115.93224783706111,94.87322029593038,9.437903113434684
2020-05-01,FL,AT&T,4719764,179851,2.0738648983261787,70.88317827740862,9.34392592014655,261.8069100480683,116.62841093021632,90.94060752073388,9.351954661452256
2020-05-01,FL,T-Mobile,6177314,133166,2.382392863304901,65.70273212611781,5.156782829377761,145.28592101753,93.98914895540483,91.59834962796788,8.970706146685954
2020-05-01,IL,Verizon,6057656,154947,2.384878227285438,77.98305455944627,7.086064558579305,137.23300714921405,117.97898406068164,96.6176408045557,9.478278359755842
2020-05-01,IL,AT&T,4115911,146054,2.4991610307850145,68.02889428894802,4.476479258634709,198.37137427862947,102.70366354664843,91.37689291304747,9.115091115434915
2020-05-01,IL,T-Mobile,7160103,195273,2.255372997207329,68.897449461643,7.335096160739991,297.2055856392859,119.83116014452155,88.90663759515317,9.374847836128597
2020-05-01,WA,Verizon,4519028,158809,2.0192315450735503,68.81346568575556,9.151209118311467,287.5773952189767,111.36542762811607,94.19168568104139,9.364924466136008
2020-05-01,WA,AT&T,7741881,173786,2.232556686093006,64.80848167414273,6.258987305792189,229.06912465012158,108.59446514497569,93.7714216810629,9.336947136589973
2020-05-01,WA,T-Mobile,7285810,158208,2.4538887306613173,65.2608791061115,4.935476547656848,255.46042962878366,131.2554858665115,85.7781196695228,9.5458445163548
2020-05-01,MA,Verizon,3817351,176162,2.2454092157837158,74.7711887669338,7.962377655644876,179.60128750076302,128.38671048885192,95.37767939904724,9.681352704079117
2020-05-01,MA,AT&T,3486902,137356,2.1121456657590785,73.14328372416226,9.427851600853987,267.7001980886292,89.04246686904003,90.79348486387677,8.773221046055482
2020-05-01,MA,T-Mobile,3815105,187417,2.142029536713109,62.88890736141397,7.281901216666794,242.43763873482288,129.73313018705463,88.75584888484907,9.628448996672425
2020-06-01,CA,Verizon,1260472,170986,2.4943102290328265,79.81554975399945,6.3103106857307125,278.2565329655501,116.01716966457451,97.0969697474091,9.435096988173768
2020-06-01,CA,AT&T,2142225,137580,2.5041199445415323,73.49678468543239,5.558136550120775,129.7576567698306,111.14580617100845,91.0002094155038,9.217954559030957
2020-06-01,CA,T-Mobile,2003960,165897,2.5426996470322734,69.39563151044415,4.21691302029099,189.00373674507105,126.80023470648976,92.35216811475107,9.612613422467886
2020-06-01,TX,Verizon,3821898,142684,2.6304256172706144,74.54714114476019,3.826810877922075,285.6212178956175,98.47962478779291,97.7836117832382,9.157629437805403
2020-06-01,TX,AT&T,2840992,170942,2.179857736889806,72.01036707666422,8.680168465361017,219.94380222205547,104.48619666773463,89.23327581073768,9.04661853691018
2020-06-01,TX,T-Mobile,2086430,168122,2.2314387787596637,62.19085544423628,6.578323295479905,215.89883655805224,131.2344434578614,85.45460005770713,9.566418316446079
2020-06-01,NY,Verizon,8212686,151305,2.58807031078568,78.5352909769267,5.623927428226663,271.5311976483655,121.59660565547925,92.02427659301875,9.40730750113088
2020-06-01,NY,AT&T,10635436,157835,2.3567409801278125,72.0601276130457,6.599544471204273,245.8067485658988,115.42203006909048,92.4507125012674,9.361360700289374
2020-06-01,NY,T-Mobile,9811530,167020,2.276796416746402,67.30277023084987,6.598472923836882,168.9573857309073,136.0073301514559,90.94116954869072,9.77535398718134
2020-06-01,FL,Verizon,8866517,152090,2.238960941657608,74.47605616295512,7.699169062093235,204.9868168486935,93.00677650567701,98.06432753921709,9.057304794660501
2020-06-01,FL,AT&T,14262525,171648,2.1835740795019425,71.23469715749285,8.241934047228755,200.71537926771828,115.09028354067975,91.69264589250389,9.340238076013781
2020-06-01,FL,T-Mobile,13314697,201786,1.9184364533020304,64.8762556130624,10.0,106.41270341890832,144.9178216342406,87.90886589592174,9.88685985343184
2020-06-01,IL,Verizon,11902567,144723,2.627742227303348,71.81015097068853,3.854315413674729,206.44916142835615,110.84038246300021,92.30292507429495,9.267793891781967
2020-06-01,IL,AT&T,9271048,129385,2.765105197072509,74.32458994516865,2.851341491534174,156.97122619215193,107.52975319089583,93.62524526774466,9.21610652239857
2020-06-01,IL,T-Mobile,14421034,180996,2.2364958493951725,62.150946280027235,5.923551597685872,225.04341173057045,139.50547731993512,91.41679164367852,9.911103832908786
2020-06-01,WA,Verizon,6450365,170539,2.2587467006652218,75.3051696254153,8.061838676733814,277.73864295695967,111.98608729737411,94.1172824169703,9.31018852220244
2020-06-01,WA,AT&T,4250061,145944,2.6121708256172957,62.84465890392089,2.3760213248758917,199.63014405022966,122.55766175268559,90.71202199735326,9.5440673059351
2020-06-01,WA,T-Mobile,4535037,193274,2.2281482885447135,69.23407058523688,7.570691206020566,235.8633330627107,144.844590928257,89.94640025579675,9.902943120386674
2020-06-01,MA,Verizon,8049652,156207,2.5569428332427346,75.2084748381589,4.8301274356374595,192.18415458393193,122.5413699504055,96.42139199566972,9.591384410496612
2020-06-01,MA,AT&T,6983154,119607,3.009993001325835,72.51725452728246,0.0,270.2414770889488,113.05496886980184,94.03520892198138,9.356983099782653
2020-06-01,MA,T-Mobile,6112199,170472,2.2194849490619912,71.74823066570082,8.009344540152393,183.14684966467746,115.03571292544208,91.45452102367855,9.32686758256219
2020-07-01,CA,Verizon,7416000,128371,2.8641137299847905,77.92237010788779,2.5475304319758667,142.80142263477484,100.1531205855409,93.95806289753781,9.042580597558073
2020-07-01,CA,AT&T,5020650,169738,2.1524118153322904,70.09428102806154,8.161440997773973,116.80034290412513,121.53502849781543,93.3329705451543,9.529746876030321
2020-07-01,CA,T-Mobile,7378873,164496,2.3894601507191195,66.0709102921858,5.8992000988019555,117.72659494991615,141.0677451862433,84.20380452444012,9.68675993653621
2020-07-01,TX,Verizon,2611823,173786,2.3873311614355393,71.1930522682365,6.237716726445638,111.86764616127797,123.22702253164668,91.27582112846274,9.49088456180445
2020-07-01,TX,AT&T,3281835,157780,2.1968289193345796,68.05166080170234,7.237918413960958,155.85305560819796,107.9149112245446,94.04124553033712,9.299018982383982
2020-07-01,TX,T-Mobile,2728974,191078,1.9606039985095007,58.73828776874378,8.675984742974297,150.75952851119843,126.22869396222431,84.65632825679447,9.476880849260883
2020-07-01,NY,Verizon,8505610,178598,2.260127352441404,72.36010694393278,7.5779402500938415,183.40974566418018,129.2625749108439,92.92807614278672,9.649492713061152
2020-07-01,NY,AT&T,10746420,164041,1.947045018903526,70.1161068842727,10.0,237.8459472725904,102.4679621840903,95.52771187819278,9.214029531184863
2020-07-01,NY,T-Mobile,10368523,132130,2.704365681907873,68.78985350710612,2.672319253446089,221.2633894749064,97.5848617467088,90.41994628896406,8.976397088532037
2020-07-01,FL,Verizon,5868219,169359,2.2076600375186195,71.02121351415254,7.208103289843247,278.688693075253,115.8997058846109,99.19539037801066,9.583643693891013
2020-07-01,FL,AT&T,6001686,169165,2.09280904563167,70.23894874784177,8.473664932254533,134.35782189555337,105.05171394580375,96.46034360997125,9.292455099736795
2020-07-01,FL,T-Mobile,6187421,165989,2.309646955370588,62.065203052201284,4.986730332424162,183.65281618051515,132.50631674341463,93.29840724310218,9.828426521639345
2020-07-01,IL,Verizon,6247537,138906,2.297958322964769,73.70208745099941,7.470264226108182,157.43045268752573,88.83347152540108,92.90570034444009,8.826819566331231
2020-07-01,IL,AT&T,7120630,154136,2.3495816816298576,70.63847319600991,5.652252359370827,150.3576906693769,108.49747975983342,99.7962546353258,9.457452502296343
2020-07-01,IL,T-Mobile,3911575,152276,2.413063520874273,59.35913476829364,3.949561828525134,259.6991927207826,133.41559473447964,87.91629916390869,9.712209521923917
2020-07-01,WA,Verizon,5236739,166564,2.564733691732136,73.34794462045248,4.4347536035949195,221.30517341010673,118.40158077818624,95.8749840317422,9.510801690311466
2020-07-01,WA,AT&T,4049047,161705,2.388223803412209,74.93909674194283,6.9228366495729246,143.04412905327575,102.57092667218771,91.8274466469355,9.05685096543239
2020-07-01,WA,T-Mobile,6469262,164982,2.582634478721082,67.12533161220645,3.5639270372957808,211.56053624182937,134.8969677459316,90.34794497934689,9.737124388176975
2020-07-01,MA,Verizon,15305189,145992,2.6314435771451654,75.38535320173888,4.432829885032435,118.0637120598146,110.9734564001218,93.29804983863687,9.264557091144153
2020-07-01,MA,AT&T,8201488,167533,2.357155530427959,68.76675514696454,5.549209435675354,180.37974159119332,128.07630805670686,96.32586289437967,9.76363449649588
2020-07-01,MA,T-Mobile,11537480,166561,2.372887159021006,67.23914924295069,5.770335149827558,218.0598143511199,120.29728674091761,89.48623108552519,9.418141174954602
2020-08-01,CA,Verizon,7104271,173932,2.5048586808134683,74.95183788225424,5.037115819470151,144.99000877540678,110.8823326417015,99.04664948846016,9.439527758665292
2020-08-01,CA,AT&T,13473813,147357,2.28475873690461,68.38467541113096,6.315707062020913,212.76067822232886,98.2577622254179,95.1364065115918,9.135400685744802
2020-08-01,CA,T-Mobile,11965333,159900,2.6364843839002754,66.21555568788507,3.3570750540028023,282.2470830895386,137.57724135721207,85.21192244571458,9.645746943636828
2020-08-01,TX,Verizon,8120938,182334,2.2665580950647177,83.04360465354472,9.404969438909847,160.8735566859102,128.7092329206772,95.38170541151918,9.605199774223674
2020-08-01,TX,AT&T,8184746,167108,2.204323547338741,70.58879791619833,8.026988326915454,194.05769534063518,113.43129272492307,90.475357829368,9.276998610217516
2020-08-01,TX,T-Mobile,5849903,168287,2.0822346085266985,59.783928113062565,6.631777473409067,246.1273842525755,130.95193259068026,95.02662063936464,9.87199798986392
2020-08-01,NY,Verizon,10370850,161612,2.396086371523463,77.3970854756389,6.89586134675878,222.83254052323977,123.24636790429403,96.22692033134368,9.577764113269803
2020-08-01,NY,AT&T,8398918,148037,2.4612829309569335,64.49338956692227,4.144979630580281,113.66967428963895,111.94955092412188,91.40868973234838,9.336317814783666
2020-08-01,NY,T-Mobile,10871977,203957,2.0079466770605605,68.74540411826828,10.0,123.23615500237818,134.53905229441347,86.69614053048052,9.604211220620002
2020-08-01,FL,Verizon,4320834,137790,2.8185600660706576,72.40671988399284,1.6759354001451223,135.40828821198127,106.02515387169557,96.19807915946868,9.282378253378042
2020-08-01,FL,AT&T,2951562,152364,2.2306552180465022,68.02485184617866,6.956281151111617,145.79743706006235,83.9942498047067,93.42137037659096,8.802277588930076
2020-08-01,FL,T-Mobile,3566383,190119,2.266192523832177,70.95111240643625,7.514353642204045,130.8151464946167,122.218185216245,90.13943600761436,9.439035660488967
2020-08-01,IL,Verizon,7826464,136445,2.4152286849131714,72.8009912426629,5.999101202635477,254.28599779858726,120.52631227893646,94.08810196765387,9.505159392181717
2020-08-01,IL,AT&T,7134918,154690,2.6284042559923613,69.40208399999328,3.6930598987375824,226.5186536609994,107.69931298027805,89.03314341337459,9.130959722006867
2020-08-01,IL,T-Mobile,9182012,159590,2.5819148839145263,67.43245617120338,3.8213801435022674,205.13721118390123,135.85240064291816,88.45962251593149,9.696512126624274
2020-08-01,WA,Verizon,7653850,140102,2.535463917809701,71.68206106149991,4.288853250484726,289.7727691789593,109.77902212493389,96.92919783718247,9.386635766999152
2020-08-01,WA,AT&T,4375132,152013,2.598936607477223,70.30084754362524,3.8834048642488943,121.28951776662157,124.07293303529943,91.87398569703926,9.534669756180914
2020-08-01,WA,T-Mobile,6365323,185940,2.2294920431594996,73.1198548799968,8.455410765851585,119.4329363931931,129.4098414388928,88.7363977855278,9.519090213543722
2020-08-01,MA,Verizon,6787940,173684,2.436116515967618,73.87217109200323,6.032748483862587,117.16215434188777,110.13057263498443,93.80520574861876,9.27804591423822
2020-08-01,MA,AT&T,6807322,136474,2.824871774219123,71.67062416710444,1.7171382393605903,120.04637563525722,116.23407973995027,93.68268851869065,9.41845600868868
2020-08-01,MA,T-Mobile,8777113,163982,2.536008959532804,68.14435027780746,3.8629584918351223,113.23374434503617,126.88779102491446,94.05821968398328,9.678058908239713
2020-09-01,CA,Verizon,4851426,169956,2.4824031678049048,72.77830866498883,5.427234659653226,146.00009050967998,122.18718266141488,93.04395395295487,9.507279185167056
2020-09-01,CA,AT&T,6973890,169199,2.075209336745141,71.63821951542481,9.412438616050789,274.5897460818004,106.60469843334013,91.63111919582764,9.164645349387383
2020-09-01,CA,T-Mobile,4815655,202217,2.029585629538377,61.18997969662734,8.173267083683061,164.00219784941268,135.09295323642007,87.68872560258636,9.720621035839718
2020-09-01,TX,Verizon,13485426,173855,2.5271852935207404,75.55457596218109,5.6196187156539965,134.71213601456378,126.69014171857482,92.1944354157482,9.544090137222131
2020-09-01,TX,AT&T,9296951,167831,2.1972409449162633,67.6031954390296,7.093199517178152,180.0469507275309,112.7987453784476,94.55030121465133,9.416451989618196
2020-09-01,TX,T-Mobile,12223375,190611,2.2038825175369245,65.99185248680881,7.619536616690942,203.56906243738104,139.18753760036668,85.40008705301572,9.685834838729718
2020-09-01,NY,Verizon,1906265,167996,2.5384402440523703,76.15257813003022,5.326294070445719,179.05081995378353,131.30591397664028,95.19819115036621,9.720538232743491
2020-09-01,NY,AT&T,3386274,151221,2.5242534701738197,69.708691178156,4.388620013995777,118.83393964944744,117.75323751403566,93.10583519897227,9.451152894468322
2020-09-01,NY,T-Mobile,2183643,159405,2.4347278034541158,69.6657234188366,5.890039213104038,133.6770596606109,141.0117766996206,86.95827436122126,9.732326530640684
2020-09-01,FL,Verizon,5346717,154899,2.6433195601892554,70.74725224926631,3.6265067889767586,116.37230118325878,126.4405362855622,90.89748058983952,9.548262620913766
2020-09-01,FL,AT&T,9152275,140094,2.621093330798553,70.96892422586458,3.634711224848131,201.2742841512524,89.46938750435974,93.48140312339255,8.884140601530325
2020-09-01,FL,T-Mobile,9818503,194097,2.2579685631899706,64.55121308777973,7.159671133189225,217.70513627867274,125.88516954757037,81.70885852467015,9.323457015813714
2020-09-01,IL,Verizon,4316518,173067,2.379277396413196,78.0468836519834,7.559657281510099,250.76069675370897,136.0056250736996,92.56945484754621,9.716727310380545
2020-09-01,IL,AT&T,3140156,186506,2.076504852566106,67.79598671896942,8.36709820516321,212.63961848963226,105.05009801091934,94.27050612969614,9.251157276919576
2020-09-01,IL,T-Mobile,4107891,172097,2.5692876873733788,61.52419020902155,2.368702048242365,266.40814784375516,135.20598881108967,92.43259119828157,9.861855610080024
2020-09-01,WA,Verizon,2335940,159065,2.6209563658168844,73.52762392313518,3.587697920006351,224.49710774124594,138.26733302733587,99.08263206451844,10.0
2020-09-01,WA,AT&T,2478870,145460,2.5433899487927847,67.08855387046205,3.63592488188632,213.81339964841794,99.58892876732787,93.47886404278245,9.12525895792541
2020-09-01,WA,T-Mobile,3645904,193703,2.1893822155692364,63.20483627392897,6.5808032459370285,247.90204663141296,139.94791852699225,91.663418531564,9.916812563747474
2020-09-01,MA,Verizon,8466072,141755,2.504979814745444,75.13742390559479,5.343869591611011,242.0775294876596,116.5624348048989,96.33817042053505,9.470019569658081
2020-09-01,MA,AT&T,8823252,169594,2.521204691353371,74.24773708605947,5.668929220704647,184.71716537581577,112.95933240346095,89.6857128297354,9.207280662100686
2020-09-01,MA,T-Mobile,11713417,193328,2.3045907838287514,74.44894403340362,8.211201630507388,275.24067244499696,134.6330151023423,86.32679337885818,9.537974663078556
2020-10-01,CA,Verizon,13386945,169081,2.311461251313048,73.05459239994259,6.779868772625177,296.61608919060006,120.79216824420018,97.16437194232866,9.600228599154438
2020-10-01,CA,AT&T,13723012,118266,2.6856771589439163,71.70707801658229,3.027734653286686,141.60990964502002,95.79033245629721,94.56909360590606,9.035808677137302
2020-10-01,CA,T-Mobile,11855335,176770,2.1510901584586146,64.76079971741439,7.5931675796201805,113.82666716349787,121.84499236690318,88.48090779276549,9.443719083946885
2020-10-01,TX,Verizon,7663802,170373,2.2854809146849457,69.85446008788973,6.785536726102249,108.46698918049842,119.76444599779246,93.30546144626241,9.495908162464826
2020-10-01,TX,AT&T,10843297,167747,2.3566403791751886,68.90097496858672,6.044701109932731,192.97418603086874,114.940400192124,91.69090092032724,9.36052528176643
2020-10-01,TX,T-Mobile,8033468,144236,2.277774153387778,62.03599154599118,5.705614498463977,267.3848659818584,111.86701927633699,89.23842276856479,9.294133153123772
2020-10-01,NY,Verizon,13110622,159500,2.578066326704148,70.33515352969755,3.9515569415142737,187.58615276947415,119.82658664816284,93.34810497383758,9.493623346881408
2020-10-01,NY,AT&T,9000498,143149,2.5062775968835913,69.81960693097584,4.522804836234976,287.4176796212992,101.53902798660438,93.78340581124277,9.146086664759611
2020-10-01,NY,T-Mobile,10412507,185170,2.2188407412985964,63.17246775804068,6.707620369545916,273.6925157894941,120.40000942704671,87.38465769076254,9.397815241683404
2020-10-01,FL,Verizon,8976878,147149,2.6255819405774306,74.61068332680462,3.951634719104531,222.41586364077182,113.15012820856252,97.14682540482089,9.43130049304783
2020-10-01,FL,AT&T,9188497,116411,2.715227138325622,73.5102311890889,3.4451640024379366,216.22124893957928,84.79152993427266,91.04610852123623,8.69211154243165
2020-10-01,FL,T-Mobile,5691926,172019,2.3768909325515963,70.58411921395466,6.551748012750298,152.02319660307984,125.63485136734457,87.96166504524675,9.445705786564748
2020-10-01,IL,Verizon,4725590,172970,2.4214074741001186,74.2813324231887,6.213020681093773,277.3813448784352,123.6569852421806,94.29171062542784,9.55907769937456
2020-10-01,IL,AT&T,4746152,161340,2.214258900492745,75.02600954780223,8.820651911900995,265.2726369712929,100.40723241788764,90.41960992731998,8.97047285069933
2020-10-01,IL,T-Mobile,5564061,180762,2.4322054918428853,61.630513020976544,4.096583523670106,155.86362581265624,134.67610690173197,89.07464162096348,9.749456256453778
2020-10-01,WA,Verizon,8151843,152177,2.2174735085444586,76.23846411819943,8.264396383441364,265.7794223951755,104.02380270831543,98.08561354753937,9.260659819410495
2020-10-01,WA,AT&T,7758964,163471,2.56015585085657,72.1308957358631,4.640127491410766,257.3913620958083,130.35531456719593,91.84493147196157,9.641145278144133
2020-10-01,WA,T-Mobile,7912132,152839,2.424695851295912,63.62919548259577,4.065437779410753,167.04463604271433,126.58907067858392,94.13442804149284,9.719522299990507
2020-10-01,MA,Verizon,9257546,172010,2.4964177178981592,73.97042529393987,5.117474390288649,267.66756411867703,122.90621497849801,97.12433489517733,9.632150093485881
2020-10-01,MA,AT&T,10524335,149143,2.434749375447703,71.56554511607764,5.544512538513665,196.25523010232337,95.77765498493126,94.21102730224833,9.026228467605298
2020-10-01,MA,T-Mobile,5830183,188882,2.1954431296353647,69.81683414972564,8.192235870818369,264.3293194329,124.68588598861575,88.16699662773111,9.440559277106992
2020-11-01,CA,Verizon,1945776,153855,2.8253591264761075,75.74668190739978,2.590428188419771,117.40671301831085,129.39707491945592,93.05316928299109,9.622069757804853
2020-11-01,CA,AT&T,2795591,165813,2.095052901296872,70.93846671030055,8.795688614062996,182.8401108609287,106.96512240501565,94.41475715028395,9.262360495505826
2020-11-01,CA,T-Mobile,3064469,151618,2.5749717505517267,66.89367307091536,3.6975466849857117,177.00824756808234,123.98645182929025,89.31470423680092,9.490233432980679
2020-11-01,TX,Verizon,7095114,157086,2.117794523410601,73.04090827362583,9.194846725652486,158.67121599879752,111.86776968366699,92.35389694966673,9.277563219427083
2020-11-01,TX,AT&T,6758652,167260,2.2072330122232913,71.87219792443386,7.602488909322098,253.61730826154326,123.24329434461497,96.99620553331766,9.65603007364749
2020-11-01,TX,T-Mobile,9364370,161742,2.3522734288691365,65.00400297583529,5.186121657372831,110.87323568803676,117.4255675225669,92.91944649102867,9.486054715423844
2020-11-01,NY,Verizon,1594768,162016,2.403745121663629,74.79327007082702,6.20513768934902,115.40639999682278,105.47858064583171,97.16065108180088,9.27645844466239
2020-11-01,NY,AT&T,2368657,183609,1.964140880712776,68.89050267495634,9.342442318881261,134.64367623738013,117.04778966761249,97.94249408982246,9.590325589297361
2020-11-01,NY,T-Mobile,1660220,181805,2.2165790851523814,62.91305262339675,6.305316760100255,151.17657720895502,115.49221586030829,91.11502913055277,9.41416466488878
2020-11-01,FL,Verizon,5507421,177757,2.123474256335769,75.32752209765096,9.517385673909727,182.09862290826834,138.27441941113796,93.13376182262772,9.806226021925081
2020-11-01,FL,AT&T,6599515,162407,2.2852902135478077,74.39411345122375,7.8184678843659405,158.52254548469307,91.33299413196059,92.07452670400733,8.844954549247195
2020-11-01,FL,T-Mobile,5440412,202900,1.990422404699348,60.979946816229344,8.761853127602595,267.82432062123297,138.91700581069574,85.29912188649794,9.72751430464656
2020-11-01,IL,Verizon,9993596,129755,2.6071250332904725,72.72059360403668,3.8739274542925637,271.5914910795017,108.19985119905714,95.98940933610045,9.31647336802379
2020-11-01,IL,AT&T,6402845,140147,2.4897776559093505,73.23437618738431,5.740653895942799,126.51643603623583,98.16458629189076,90.0844478244056,8.93348139869614
2020-11-01,IL,T-Mobile,7856229,169762,2.5708825255280368,65.2902647553164,2.770500275417338,213.94092640708197,135.04750688571332,95.78727420365571,9.921665716270773
2020-11-01,WA,Verizon,14626438,175270,2.3308769257628197,76.56701589141656,7.225281885175415,283.9061257825665,126.79260880888714,97.79352035479698,9.703987627907487
2020-11-01,WA,AT&T,15403053,190327,2.1267364702829186,72.89851391784296,9.091347451173323,124.0005499233776,114.82533709821185,92.20990629566087,9.333818791655633
2020-11-01,WA,T-Mobile,9067989,199130,2.0606222722359977,61.99368822610871,8.244264644460952,287.35478990460035,143.35570455536757,85.48250278400813,9.81165229236651
2020-11-01,MA,Verizon,1244459,175838,2.3639254677052244,81.01339519181923,8.238000465080209,188.81289828410624,117.58071771264714,93.25423896231393,9.339107571204169
2020-11-01,MA,AT&T,1411299,152436,2.4447616243661794,71.51616543728666,5.375697565328417,182.95287180923987,114.41305215523572,94.79919278467122,9.417075172271984
2020-11-01,MA,T-Mobile,1914539,184974,2.2742179976082095,62.14192957811224,4.927691857206288,120.48006995920025,138.56594786726606,97.58514082334062,10.0
2020-12-01,CA,Verizon,4011910,180437,2.5699766234290884,76.74509672022732,5.221192876949247,118.68637336849986,133.558053394315,94.28060232805333,9.732128170525627
2020-12-01,CA,AT&T,4581226,165610,2.4523207392585036,71.15262766494838,5.500212528375908,266.4451567007811,118.87910886251751,92.07105612028731,9.428187584209486
2020-12-01,CA,T-Mobile,4020088,185264,2.308512122154016,62.50978851461229,5.4363103012058005,177.43107881079663,133.81717850840036,89.80526180176494,9.745403539074832
2020-12-01,TX,Verizon,3134469,156570,2.333267036378085,69.27960945569367,5.859155803441259,244.78453423861308,117.05575915169453,96.6409572391662,9.547547805651941
2020-12-01,TX,AT&T,2451764,170452,2.465080070726618,70.95916295775062,5.116785179732756,121.30232740636029,124.5769783531325,94.24246704551192,9.609221948850502
2020-12-01,TX,T-Mobile,3564617,193021,2.1923003091388873,64.25423162424308,7.2082951340314665,241.08683701891024,130.9429756755877,87.19548099428276,9.592181627097807
2020-12-01,NY,Verizon,7550957,176257,2.20390272023697,72.92717759536832,8.004538545237025,190.65994772930856,115.85935567199678,95.41869771466938,9.450476268926334
2020-12-01,NY,AT&T,7867884,177472,2.087416673887769,66.00547510133664,7.657320243035463,201.97481126128056,123.22703219988979,96.6960803835417,9.705368304490682
2020-12-01,NY,T-Mobile,6215153,177445,2.3477909166551028,59.06866046163663,3.7814628270656656,291.5638647626518,127.5034446178108,95.54360098710632,9.82569031735304
2020-12-01,FL,Verizon,8185740,178486,2.577601238540552,76.69032540375423,5.231753481980999,249.09048270140408,132.66603163546634,93.3029921336433,9.685507142681084
2020-12-01,FL,AT&T,13668473,163127,1.953763418114617,67.50764211069877,9.601492138472238,157.85648488839257,107.94595569916677,93.62402102521344,9.29256332363275
2020-12-01,FL,T-Mobile,12722749,177688,2.085699608688241,63.88702309818613,7.399118722722147,264.6901616379147,114.52914387465803,95.21289810032665,9.508099589521098
2020-12-01,IL,Verizon,6485489,158996,2.471095793856166,73.19198267865262,5.365794334852069,252.57109557927433,111.96565725828742,95.61644262316796,9.37588659707426
2020-12-01,IL,AT&T,8985522,149142,2.463052760374896,68.85791612861472,4.877821738038005,185.9098247041351,109.60618702104851,92.63233883935976,9.282514744315614
2020-12-01,IL,T-Mobile,8860505,201304,2.0911123280570845,65.80791856868701,8.298974728020736,272.1710056086897,145.88173928170954,89.51485705145818,9.945001311491065
2020-12-01,WA,Verizon,1582655,187333,2.20986188542038,75.69823808570834,8.41265460745206,220.76947303625428,132.69778940434898,96.28374155485805,9.785485653875638
2020-12-01,WA,AT&T,1974529,160129,2.2293771255564216,72.20266081499135,7.4624730021233985,204.2977243411779,109.73986487595616,96.84287905310657,9.378057060962407
2020-12-01,WA,T-Mobile,2059170,160183,2.742529560379731,63.069248543152376,1.4779341678803313,193.32415026776937,117.66247939104736,87.10619936952834,9.335743083475274
2020-12-01,MA,Verizon,9853693,156612,2.7260999953200056,79.25048670844282,4.305857787542554,223.34482254001472,120.21725581754205,92.83239600945956,9.396812129550199
2020-12-01,MA,AT&T,14748428,175433,1.9421718856187438,65.36426467447131,9.285084902003236,113.70151346831048,104.68780787000271,93.66049176703586,9.249928263666417
2020-12-01,MA,T-Mobile,10647834,171307,2.1424873299336977,66.83976214695619,7.681768559461031,297.1489404020059,116.58051195824201,92.6131057059323,9.441605788873247
2021-01-01,CA,Verizon,6329997,155031,2.4893971217741506,74.3847369211292,5.6846748510478085,290.8729231103009,113.54558976333638,92.98301315436525,9.316554820686394
2021-01-01,CA,AT&T,5661457,155638,2.448873071577788,70.37136114033491,5.302904057081232,192.39990147284163,109.73669164530297,92.8263745520787,9.275811458065071
2021-01-01,CA,T-Mobile,8211805,172759,2.228020816650611,63.7606366415711,6.283326049478552,120.7207739139104,126.73973461518096,91.88593112329558,9.653766259586774
2021-01-01,TX,Verizon,14049426,165237,2.5563099119903407,75.48057974852092,5.1958474811203,257.9896539534077,123.6462635394205,93.37169348680479,9.519270277907344
2021-01-01,TX,AT&T,8146133,163755,2.4435325581502703,71.21459707889083,5.599130746611277,167.46590622068294,111.43417630681476,92.08463087664184,9.279076481646642
2021-01-01,TX,T-Mobile,11641596,161372,2.104423436445189,61.07929631315385,6.960648749750096,250.18567870334445,126.98266946041365,92.10976148428784,9.692153270605369
2021-01-01,NY,Verizon,7112074,190510,2.2207761572930034,69.258249902411,7.503616131544419,208.21357173136448,114.04571426255013,91.40272276007745,9.330413469029216
2021-01-01,NY,AT&T,9221307,156530,2.2581629495591535,65.9261089689087,6.629458939719058,237.0945170090682,93.47073302583777,89.74133358471141,8.90239357836901
2021-01-01,NY,T-Mobile,7190860,183537,2.1846627340309537,65.56484920315008,6.990292681993277,153.01828038549,138.70797942259878,92.760498183272,9.901326041918635
2021-01-01,FL,Verizon,2826246,177998,2.3123064590044105,74.8701612363356,7.328105906611166,222.88200186343317,114.90167483498199,95.2286175061185,9.406190409519837
2021-01-01,FL,AT&T,2336054,141950,2.553065528896788,72.73075504459858,4.919256759469982,193.7159608750278,103.99252069361432,90.96238960481857,9.081414551570859
2021-01-01,FL,T-Mobile,2755894,170611,2.5946766838979327,67.40647037348843,3.6638260957843034,166.06220107936932,143.34506133337837,88.70701139934056,9.854046864912899
2021-01-01,IL,Verizon,2415413,169594,2.569064669944432,74.91266435661193,5.197444037940724,201.35667631646282,122.79657483612101,90.9444213393734,9.435137493337502
2021-01-01,IL,AT&T,2325022,167621,2.071122948417572,73.39537019793677,9.63608175707795,162.20206769785202,120.68907459285045,93.31762798333685,9.479356629377746
2021-01-01,IL,T-Mobile,3399645,169772,2.3726572381440834,60.76888083665438,4.4527916688034415,159.39897822788328,126.8945685319711,89.74412117086602,9.622526197398859
2021-01-01,WA,Verizon,2134547,167476,2.3963521995229073,74.32996452548751,6.65229632131579,166.61465921058831,118.78670460381632,92.50174588552638,9.407486823387242
2021-01-01,WA,AT&T,3216076,177204,2.118377495900799,72.25902976319243,8.811815103280551,159.2539671908939,106.24194452173217,94.56215890349947,9.239113359907703
2021-01-01,WA,T-Mobile,2300063,170110,2.4677852031952696,67.88241759841513,4.7354700129538125,182.2321931692698,136.6294006906388,91.63161474776518,9.80271228026158
2021-01-01,MA,Verizon,6256174,167792,2.4393177484929165,69.84320876113846,4.958214192192473,177.5690199371694,121.64015956640611,96.17250075106051,9.619546126248553
2021-01-01,MA,AT&T,5540208,135421,2.4485815500833334,66.21111118939803,4.8651054375432965,210.4430136109259,92.9373918003036,88.91301299502976,8.864027113962985
2021-01-01,MA,T-Mobile,7309749,171063,2.46851840477489,62.33046568717658,4.078440883510219,281.87206534499364,143.7688588617585,87.02468206176198,9.862812982216264
2021-02-01,CA,Verizon,2861086,175779,1.988186149960637,71.17877134390255,9.55082915030938,143.0661055057463,123.07735268828421,98.0306361886476,9.690678425986086
2021-02-01,CA,AT&T,2053738,159911,2.5680493603964543,69.06404054778903,4.028503850995939,283.40911803089523,106.07273761574183,91.03810654597326,9.161957543216143
2021-02-01,CA,T-Mobile,2168406,173159,2.517368988939999,68.0130138309251,4.608127195098571,169.31559757515583,136.4438845353818,88.20785681686458,9.694983256904322
2021-02-01,TX,Verizon,4601723,165834,2.4788349933698504,72.79047103819603,5.345514694076502,188.0718415937631,116.89208088944609,94.24229579864202,9.437205781366222
2021-02-01,TX,AT&T,3919846,143036,2.529775379347551,70.09874339398436,4.605179303375445,150.1311960083139,106.89547857300177,91.16815581945919,9.171966812103967
2021-02-01,TX,T-Mobile,4061063,199844,1.9569008244199937,64.5066663853132,9.372770528922201,109.99654301551035,140.68003106929842,89.59554503940498,9.856400308714985
2021-02-01,NY,Verizon,5087378,159955,2.378553826667452,72.94184609842036,6.523721318580547,161.21183964323518,132.34169858791375,92.79109634429001,9.70114840110277
2021-02-01,NY,AT&T,4242548,164705,2.136675105983999,70.46898374656331,8.383911935285946,216.54429519675574,109.4752614393695,93.43133754186724,9.287755517577773
2021-02-01,NY,T-Mobile,5858167,164584,2.2439009937744525,64.31628635831937,6.316572058797151,267.40155916062344,126.89603863524486,91.07675275122197,9.627060491658362
2021-02-01,FL,Verizon,5256314,182606,2.427366993909794,69.97740515495295,5.013314099851488,264.5961250628581,137.79389307604242,97.08496992041161,9.968652907583667
2021-02-01,FL,AT&T,5557701,162785,2.0947474782770126,69.85491209024647,8.219603871304699,186.02365472153812,112.14588428888503,98.0390376397447,9.485539694067578
2021-02-01,FL,T-Mobile,6085355,154171,2.587960295380548,63.75001257425343,2.9238499881341786,194.66917618552367,133.08376876975782,89.46549572911029,9.70814012152593
2021-02-01,IL,Verizon,8018146,153092,2.418555002046322,75.69775839702997,6.3322812261566614,128.93098040139537,108.50258544632106,96.21720432786118,9.299590254791958
2021-02-01,IL,AT&T,8298867,126942,2.6942527367083375,68.57339665979393,2.333659096602545,160.1182245561837,112.3406599105568,94.38492868272866,9.392627092095056
2021-02-01,IL,T-Mobile,11726887,167422,2.251480001514009,63.82039698895343,6.068409369076151,145.0116691029344,127.67089792509756,91.80870013574446,9.66947499268475
2021-02-01,WA,Verizon,7806467,160643,2.3914856757075458,75.84939246695858,7.002180018617544,204.28440846966478,113.39268494111028,92.52841717698715,9.285212289462235
2021-02-01,WA,AT&T,7868875,177770,2.036143191806861,69.76623179296445,9.017837788533807,209.30274174024072,116.5302955329553,95.73976651990472,9.505136588326604
2021-02-01,WA,T-Mobile,13721095,199422,1.857592870489615,65.70078524378472,10.0,133.47350614533028,129.84529155232954,95.64228343860795,9.809166481766983
2021-02-01,MA,Verizon,10345633,186611,2.1881695688718046,76.79430533928347,8.838538338726082,148.78651276204323,114.7593197634727,96.38627040412565,9.41883145400039
2021-02-01,MA,AT&T,8260927,164187,2.052049085625036,70.80419439384592,9.288149876080338,102.37105864204878,102.10504205268644,93.52198146438482,9.139718341046814
2021-02-01,MA,T-Mobile,9520294,201684,2.108831002442557,65.51477077741785,7.856663466752468,241.08653913948058,140.26239081898478,91.5798066430553,9.897494307897176
2021-03-01,CA,Verizon,3805484,174397,2.22285857921793,74.6631723940495,8.100916560613918,158.4659031685267,136.85701754034972,96.03132126016679,9.871448264671503
2021-03-01,CA,AT&T,2721188,164244,2.5135303186322213,69.04650837394136,4.3805733854965485,202.29735384176672,116.8589045643792,92.93425102969513,9.434740538439025
2021-03-01,CA,T-Mobile,4403284,197720,2.2484874690465353,65.4784730732553,6.727942680112196,273.5237732378265,128.5177711115688,88.8287724407351,9.580433864720876
2021-03-01,TX,Verizon,6538986,168758,2.468108183036332,77.8192064452413,6.2746826491302095,182.8553695179765,131.89642645485236,96.08076809554733,9.742159507511053
2021-03-01,TX,AT&T,9586926,176109,2.3267774972383455,65.82405013960877,5.651465931066149,108.47238639055641,129.87806564762084,92.45569124472152,9.712991548897973
2021-03-01,TX,T-Mobile,5380620,185535,2.2421026804258304,62.104357769748354,6.477475850582713,296.26565822768856,130.337372949328,85.22368899108652,9.542414551021674
2021-03-01,NY,Verizon,8321218,142980,2.4540884247910837,76.4292280750261,6.229102376460354,176.31518381043634,102.4496908946133,95.15858990634027,9.139459234332213
2021-03-01,NY,AT&T,8483700,131976,2.5678046790019775,72.63620251900957,4.482980018629149,251.61527945841468,94.48396661401375,93.66213695152987,8.973181415636077
2021-03-01,NY,T-Mobile,8357212,184621,2.228629969736973,66.59532584349704,7.2951789462924905,174.99842898931792,128.7013167325272,87.37586525037185,9.529349033726728
2021-03-01,FL,Verizon,10856697,159445,2.456328411934347,79.95750889227887,6.892589606605951,282.2854437706295,111.80431255426672,95.35628052506347,9.29719957791445
2021-03-01,FL,AT&T,8875189,180068,2.012016446918971,64.2546032369681,8.357910166534854,170.67389190835019,116.924324316861,93.72846011669051,9.507794257468255
2021-03-01,FL,T-Mobile,10008391,154721,2.103481344528665,61.83329258627133,7.092269361174583,263.29281187836773,112.327147959984,92.39575710793032,9.400082746574876
2021-03-01,IL,Verizon,3566795,156490,2.6326353887452187,78.19397655122442,4.696626162617594,110.25406649263066,107.70504842291912,96.15815260175101,9.256905780998668
2021-03-01,IL,AT&T,3137726,149762,2.761476561821387,72.67114628729514,2.616596354810011,194.10829720919503,109.36696777218663,93.02867284435152,9.251488077901328
2021-03-01,IL,T-Mobile,3358917,198169,2.1472569594055075,58.515916722123926,6.227795143996959,137.1803423112534,142.72428382816597,90.02818606372755,9.970172091253907
2021-03-01,WA,Verizon,9039997,168145,2.5018276503497803,76.19258326971946,5.919590530927242,162.6950579868203,114.98008039818795,93.00649619518848,9.327870661122219
2021-03-01,WA,AT&T,10868427,152463,2.4622980077229175,68.0220275956685,4.916758473381625,109.32718009231807,107.43304971875612,90.64666968522903,9.187840808975308
2021-03-01,WA,T-Mobile,9709478,150716,2.6363621239581634,70.0328763264684,3.4667360097867808,142.2940640099493,127.4261073371507,91.76218015925267,9.60105878825591
2021-03-01,MA,Verizon,7072841,169949,2.7108309292304096,76.57199686675298,4.093684990489816,134.49036797529308,135.67678537214653,91.1240509055669,9.68153726594241
2021-03-01,MA,AT&T,6652111,142347,2.207275146681295,65.98697744173694,7.138578646540128,275.81240091045004,93.94545300960922,89.86065374994305,8.914858898273106
2021-03-01,MA,T-Mobile,9696404,156833,2.24504490360002,62.882733313318404,5.478783335332084,203.3601189381248,133.82330327799886,96.47314291331391,9.94183301982621
2021-04-01,CA,Verizon,10130457,183889,2.4921403982885697,75.38090724023937,5.880445779215334,195.92639123990534,119.2156977971535,92.74331685946844,9.41280438932473
2021-04-01,CA,AT&T,8503973,135000,2.5404563915964116,68.04188828459395,3.59566326565132,292.1834863116123,100.53435481472185,96.08150475303354,9.212713356039503
2021-04-01,CA,T-Mobile,11608443,161841,2.287605543454638,63.65312055217948,5.833843118072233,235.88171151902597,148.6852718807309,90.20725557817282,10.0
2021-04-01,TX,Verizon,6389134,172573,2.0999042299397224,71.66731982149142,8.682865636026275,145.96610554667,94.96911276510403,96.51556028874782,9.078175865749602
2021-04-01,TX,AT&T,5587198,143776,2.4382680038665865,68.78546339791087,4.995458560856272,262.623558393796,108.2645592747826,93.78954080060039,9.291122775534555
2021-04-01,TX,T-Mobile,5254888,186309,1.9414298051758458,62.6526658589647,8.728812347095735,180.90384935012509,133.91469592870376,93.87422772938746,9.867994091866052
2021-04-01,NY,Verizon,2196705,139735,2.7284712715397923,79.6958062277732,4.315802620557223,229.80889345364278,107.3272331162727,93.38645909599497,9.151180372927572
2021-04-01,NY,AT&T,2311811,146527,2.5728090313670275,71.07654421803676,4.669908163993776,152.49126059697807,106.83926641158264,88.17310365943305,9.071212995834276
2021-04-01,NY,T-Mobile,1544714,197293,2.0544044312985994,68.36660999988011,8.766271293556304,282.5791960612468,137.3763920005988,93.63006393433723,9.872763658043292
2021-04-01,FL,Verizon,4592397,132270,2.6645025504862314,82.18247022750293,5.276367821990616,208.70721952945198,101.49052843757747,95.15100718647656,9.062516082070816
2021-04-01,FL,AT&T,6815869,164376,2.284589293564684,68.09317705241197,6.513420338705862,193.1263843118274,110.7725766614592,92.59322136129694,9.312316403543972
2021-04-01,FL,T-Mobile,6897295,184571,2.315783718541465,64.31785194645477,5.379162739678058,155.88703406271264,129.17462774389884,93.26570464198242,9.738285174672903
2021-04-01,IL,Verizon,9940298,157026,2.6023088244599064,73.63585792131116,4.014155039939862,111.19605697233727,124.62519239592078,96.89928299723307,9.663123758622296
2021-04-01,IL,AT&T,10894056,144708,2.481771018059303,77.28680421423071,6.445604203437721,153.96669065821885,104.89708840436937,91.94046458815392,9.083287663589699
2021-04-01,IL,T-Mobile,5987662,167211,2.252778945513554,60.5090330334071,5.253452284009292,150.35187730908962,124.94552790346472,93.2056486753659,9.6899896879962
2021-04-01,WA,Verizon,10024947,169403,2.0877510796490113,77.05414456214967,10.0,271.87204495056426,117.14758659692625,95.33318115939821,9.432405721098974
2021-04-01,WA,AT&T,10546240,138406,2.4160543036666122,70.09679443231376,5.6348302431751165,220.21535980127854,88.83097408043652,92.2398560662151,8.842847219272045
2021-04-01,WA,T-Mobile,5821176,160422,2.360756404340828,69.48242569180047,6.4027891174305624,162.9377947742653,120.92131191522591,88.86131977521252,9.389441574642891
2021-04-01,MA,Verizon,8395319,165151,2.8235604389590465,77.99947056318727,2.7370978659707665,111.48469588044901,132.29520442752545,96.27191857076224,9.754066940041502
2021-04-01,MA,AT&T,7058705,154688,2.513975019484428,68.969787787893,4.29616521411523,298.0330424510811,103.06921212328427,93.58042148619087,9.179099009172482
2021-04-01,MA,T-Mobile,11271579,171110,2.4632901513473056,68.05117393386901,5.2350891626588805,287.21470037255745,139.12515864418089,87.42244110641865,9.724664666737485
2021-05-01,CA,Verizon,11939256,181090,2.5097525387841357,73.56053384512664,5.111501756961743,171.06325286507092,119.90413733327604,95.03079624222228,9.513401295480923
2021-05-01,CA,AT&T,13840811,184834,2.3607316633149664,65.40157629897038,5.196283106650373,136.04920746222862,138.26368876969372,92.76715519994043,9.894272668402383
2021-05-01,CA,T-Mobile,6932330,154295,2.4972246192848697,65.93020680999747,4.1166992904048065,111.19117208292533,127.31723078675554,90.97095878745985,9.616171311258933
2021-05-01,TX,Verizon,5020578,162052,2.282402524908274,70.44859491047214,6.8576420120242965,117.13283880939457,109.1898793023744,94.08051720987392,9.301727153238984
2021-05-01,TX,AT&T,3788694,159596,2.5686013824657192,69.75584291714763,4.075712942281371,149.3832990217581,107.21689744123424,91.89441816490964,9.203612064600499
2021-05-01,TX,T-Mobile,5504471,168277,2.435617124396776,62.45027524171962,4.382679916684573,143.98490960787484,124.05502277573278,87.5120388769159,9.481958869404936
2021-05-01,NY,Verizon,9688224,191230,2.2254515324596493,76.2527106527021,8.913232475696075,236.01137497097946,121.74518069496808,90.82794330247852,9.397214806446698
2021-05-01,NY,AT&T,9115385,156888,2.5658367572740666,74.01744602547262,5.311305292659059,156.428425744342,109.63193154026972,88.33816339694802,9.102609072459108
2021-05-01,NY,T-Mobile,8815479,167362,2.4301827942471914,65.96805786121878,4.715124479436619,141.4797435658273,126.01308099971074,91.76659150335222,9.613578786482593
2021-05-01,FL,Verizon,5412115,169429,2.7617574417693285,72.15905716640106,2.6653885946092575,277.95156299463076,134.52653078384694,91.48848420977669,9.713594570306228
2021-05-01,FL,AT&T,5925673,148046,2.3970951191881418,72.53695413030134,6.296242628678207,136.55770667297992,97.21513893053768,92.40197005500644,8.990992338957932
2021-05-01,FL,T-Mobile,5364102,169677,2.5861312878188936,70.55737967064019,4.433212757085427,105.62033672352884,129.28839446058052,88.16950298853673,9.525279182161311
2021-05-01,IL,Verizon,10355300,168113,2.34745298161158,77.06048248635851,7.31969922420913,161.93611287029117,109.49682865677859,96.1786745694677,9.304691985356019
2021-05-01,IL,AT&T,10398734,173077,2.1830928623936923,67.92112898640636,7.687580051763151,180.43009523898576,110.27924442679476,90.65717121581203,9.246088735146191
2021-05-01,IL,T-Mobile,7962865,177492,2.3290475258682686,65.86801671692895,5.659552416057641,233.98852267275325,125.02625850349712,92.23575668645461,9.608917703494289
2021-05-01,WA,Verizon,8092838,165878,2.318686385313192,79.89037723802949,8.178544493862198,203.147237674809,123.8203370571601,96.12667100611782,9.561303098946443
2021-05-01,WA,AT&T,5072583,165375,2.2333241905345185,69.46387934630951,7.609885147274695,285.0659473749197,107.93914626961397,89.49648816642024,9.149038776921792
2021-05-01,WA,T-Mobile,8138208,157508,2.0952511528865156,67.26555492141183,8.168955049714576,130.14648145929405,127.34144704553141,93.31644405702635,9.6736667134073
2021-05-01,MA,Verizon,6465539,153422,2.3723056474997746,73.82713117219829,6.661798370110167,167.09844119339778,121.07668755704998,93.80571389331743,9.49743385621854
2021-05-01,MA,AT&T,5461815,162353,2.1921762767864093,73.40539223132983,8.437448309850698,251.96138142006396,98.539745725172,93.21867368551176,9.033301202755494
2021-05-01,MA,T-Mobile,5032660,161458,2.260037719892548,67.67374341314674,6.95271071140323,126.51388066902693,127.09859097182772,89.81660772300638,9.559732616995278
2021-06-01,CA,Verizon,5902870,161534,2.1920000179973917,75.79428236480197,8.88868682395989,200.13932555906197,103.27595474187648,93.50169469026588,9.112627111897487
2021-06-01,CA,AT&T,6518569,153831,2.1223235413595747,68.13215830012204,8.014235646824746,231.47860789893264,101.18458727926168,93.88960599603915,9.159058342465187
2021-06-01,CA,T-Mobile,8545846,170419,2.477575472200911,65.2196583509374,4.689344953598411,137.93927297002566,127.72672412685664,85.78831994579954,9.475987497401745
2021-06-01,TX,Verizon,11456711,142651,2.6113816589335586,81.24395190009767,5.611388877169095,129.24429769210545,118.75501931893747,95.23584913514856,9.419736341432229
2021-06-01,TX,AT&T,12928884,171408,2.5449864244254745,72.01070452177528,4.8370560834044465,164.0415968309914,125.24701368522923,91.15220576695864,9.51939940149559
2021-06-01,TX,T-Mobile,13699397,185733,2.0303757291157774,65.67596665220272,8.695234171604616,163.34972973004238,148.81472893001077,91.36201867678155,10.0
2021-06-01,NY,Verizon,1429569,144146,2.262395109894835,71.25418192373692,7.090817547666255,149.8704621813404,102.33582149327033,95.36067738132778,9.194994932067871
2021-06-01,NY,AT&T,1516320,151040,2.642154597244644,69.4823462274554,3.4303974997547613,171.24965061751675,118.98302549689035,90.44525773289877,9.398194779650217
2021-06-01,NY,T-Mobile,1598592,201200,2.5613993330647067,64.10943531880409,3.7906649045449696,112.11045124825212,148.05668878116265,84.17228828568778,9.845208071005846
2021-06-01,FL,Verizon,8013633,177688,2.5408899362230075,77.35941131719169,5.316348262235256,164.02500991894226,123.10971213912714,97.46634638973006,9.612590521302527
2021-06-01,FL,AT&T,8150449,159420,2.4939495669905325,71.26263027379645,5.066756273030461,204.1407564079227,109.62245292316136,92.462741118235,9.253704989272313
2021-06-01,FL,T-Mobile,5224145,174637,2.4896160174690385,70.4624566410203,5.31769619099643,117.94227521060681,132.46947686252346,88.78634962517242,9.608355459595439
2021-06-01,IL,Verizon,3945962,184151,2.0892669273066944,75.16873962048129,9.243153987072125,107.76090480618903,112.30341393693372,98.97924663957188,9.463758281721017
2021-06-01,IL,AT&T,3214513,180194,2.2419269294793422,71.01550145929075,7.700935407025117,237.63342350978377,121.75051573260573,90.82895590039608,9.44972397707109
2021-06-01,IL,T-Mobile,4290199,185238,2.36600602278675,64.49330646762853,5.289787052969465,188.13072150982134,135.25309314189963,89.48814012688743,9.74477300196833
2021-06-01,WA,Verizon,3438841,154209,2.553168511488942,75.64338980240265,5.484550876827409,194.6842261266891,125.36009225591366,91.12441968763702,9.484500537723358
2021-06-01,WA,AT&T,5312573,174791,2.2646335067910592,69.85604261544826,6.632547560519427,278.6413177101684,124.15746607660112,96.92325894659636,9.69228666377543
2021-06-01,WA,T-Mobile,4723326,175283,2.1802244901503167,67.1247986589722,7.5513505992313785,262.72720476036613,121.91898354474291,90.71364231059894,9.488540953623106
2021-06-01,MA,Verizon,10781487,170428,2.2936552402656845,70.99751773275233,6.678947715503942,263.770992152615,127.33102061777434,95.84003428389674,9.711846263544865
2021-06-01,MA,AT&T,5711493,168857,2.16431948644782,68.80321091500097,7.796740508381242,218.64754431308347,114.85900017984561,93.20706810140747,9.405359937489127
2021-06-01,MA,T-Mobile,9867046,194049,2.1458011505707453,64.9444721614573,7.223143100599515,235.43199158446416,136.33599042049633,93.07739825984493,9.8695970345907
2021-07-01,CA,Verizon,1624910,182380,2.0279580061371574,73.0878869460865,10.0,104.40784073352685,125.31596027235229,93.37997327845727,9.576839534339898
2021-07-01,CA,AT&T,2633645,124075,2.662942351707274,69.30000901823286,3.2699399041923756,232.17901078778556,95.81632400235154,89.60638382381455,8.911517904579139
2021-07-01,CA,T-Mobile,1600096,166268,2.32795269025557,65.59218570579283,6.086241769941298,148.50789465315995,132.040106806545,87.52668468661568,9.610680819671442
2021-07-01,TX,Verizon,1876986,152525,2.3716934318283824,74.45772726608932,6.497592270958369,188.6613586739481,111.16956911003118,96.77018863975673,9.381919768732432
2021-07-01,TX,AT&T,2371676,152778,2.4519959461430547,71.42484185765606,5.85315903862379,198.43310117104116,89.85698366175879,89.11849871476876,8.756446216101677
2021-07-01,TX,T-Mobile,1926194,155104,2.6099430593096855,63.49957504089012,2.5313132225512245,297.09121420093567,127.76751755101628,90.69171192529944,9.641105958370408
2021-07-01,NY,Verizon,10027116,169803,2.308107491077843,74.39049441304596,7.514608447549494,293.8025927006,112.65840827629054,92.8241552428127,9.293987878679731
2021-07-01,NY,AT&T,9231613,144463,2.5713813091401607,71.5755079397865,4.331323626834674,116.10331171830236,107.22381300863482,92.6996486972102,9.209710641691137
2021-07-01,NY,T-Mobile,9568656,206994,2.2298223018351164,66.14020232172149,7.142205257182736,143.80767232841168,143.75551913363208,87.87612188810401,9.849992016098545
2021-07-01,FL,Verizon,6654490,169024,2.2916879450587753,74.04688880679957,7.193068662983469,291.75965243814926,122.7802730333943,96.99429647788695,9.6249654669365
2021-07-01,FL,AT&T,6177661,141433,2.8977250067395843,73.31900708044299,1.4802156521880487,185.3581940349039,114.7826088872753,92.06335696504706,9.324362815892488
2021-07-01,FL,T-Mobile,5315220,194069,2.2881130975399286,70.34460539365293,7.320219751399804,166.97124291524239,136.2966115887621,88.67570351931494,9.68275728341816
2021-07-01,IL,Verizon,13248191,173939,2.3494540629084213,78.98721629098229,8.104901263228086,125.2852454310056,125.88436180240308,91.98001365884159,9.487215482903485
2021-07-01,IL,AT&T,15280377,138915,2.4025209538756473,69.84396765754886,5.622078992667138,129.81794975364954,105.3559821859009,93.2150500008616,9.205131467168378
2021-07-01,IL,T-Mobile,11426313,156055,2.5918343552882748,64.70715536330464,2.968947077228821,108.49418209768227,123.7294915455265,90.54140442549362,9.543760410042292
2021-07-01,WA,Verizon,6992468,172385,2.774115557729984,78.89374951698228,3.4620953730836312,120.4833435355518,116.5745097216774,95.75498953012983,9.415202385167621
2021-07-01,WA,AT&T,12706445,145527,2.6085088571573376,69.84129752861051,3.6181041918844348,104.1142929375391,116.4755841439362,92.65066742264291,9.410618730271906
2021-07-01,WA,T-Mobile,8630549,179666,2.4858231103169377,63.849987037398236,4.034622144943516,233.41721026710906,137.17851910635363,88.77144159366759,9.76821375956312
2021-07-01,MA,Verizon,4371307,161506,2.2611863763919464,79.67148266909598,8.739736446723821,257.3980166769651,127.8807040160296,95.82696323175912,9.635708150582406
2021-07-01,MA,AT&T,3999298,163696,2.207785148517955,73.75917463073175,8.352021970395413,143.431066698213,103.59341977397237,93.21961470571387,9.130865090343546
2021-07-01,MA,T-Mobile,3008034,171061,2.332637506792926,68.20834216437257,5.991714830111691,121.71262894056187,124.89142324397616,93.23578534833563,9.612818603685866
2021-08-01,CA,Verizon,3893046,140332,2.5212345922114334,74.17205357067975,5.307293952680327,268.82809200509496,109.0115317402166,93.14770839341287,9.232941350899921
2021-08-01,CA,AT&T,4808730,163563,1.9725383213610241,66.16300919251067,9.172449064420167,151.02307866760015,105.89261547421856,93.34769560471723,9.256653085700782
2021-08-01,CA,T-Mobile,4826346,192087,2.1351715770186668,68.9164875991259,8.71655147039238,154.86947723107136,134.69274903941303,87.15030279246129,9.619199188570839
2021-08-01,TX,Verizon,7297598,179774,2.1643449924937075,73.62748632666423,8.839838248893225,137.62966970931112,118.40635913404725,92.42209091502546,9.404515046865066
2021-08-01,TX,AT&T,8117408,152275,2.6037359594063396,73.25150766973269,4.316678766058076,128.16384362675905,115.26213321575986,92.96263173825065,9.36160653976539
2021-08-01,TX,T-Mobile,10023559,194953,2.4178884599805874,73.90309633630022,6.858523315071887,242.47253268856383,136.74888092914827,87.4321135238228,9.618910060934647
2021-08-01,NY,Verizon,11202388,161936,2.203740645800745,77.51720246687957,8.98233280856036,247.9643268731193,116.99464014821231,94.83701226808101,9.409831146337881
2021-08-01,NY,AT&T,9659387,160799,2.454769839335718,68.65420938067264,4.817568761515252,181.27997057089948,114.8412792003923,93.65574721262092,9.419955906579746
2021-08-01,NY,T-Mobile,12071875,177973,2.2192171809102823,62.59947410400769,6.033401734535101,167.04956714006624,114.80894708757435,92.94321277163614,9.458480583860492
2021-08-01,FL,Verizon,6696004,153309,2.5139360329267126,71.39479305255409,4.607178970188239,202.54942837020187,121.25037673528688,95.32419311055452,9.570785397496833
2021-08-01,FL,AT&T,4811575,169542,2.266903534783933,69.03093056305548,6.8955682555999,113.43941962054262,119.97385047143922,92.41582509171866,9.481642456549789
2021-08-01,FL,T-Mobile,5621650,160427,2.525762445346454,63.50845967246554,3.391456517974369,163.61530888562598,121.42128000210815,90.52610963054197,9.509124292233764
2021-08-01,IL,Verizon,5523129,151185,2.502651022981623,73.54773392440202,5.262992668115923,288.2851189670545,118.11167083397345,94.20043886948251,9.452769243519924
2021-08-01,IL,AT&T,5475204,130605,2.6391158331214695,67.60681098853003,2.72307230347034,217.24414230544903,117.39724876335798,94.0713156302097,9.494016334288151
2021-08-01,IL,T-Mobile,3761984,213282,2.0218341649028977,64.36006713665464,8.182919692825303,149.2374714922506,141.7262398252244,94.70752085476651,10.0
2021-08-01,WA,Verizon,1278536,168715,2.190940219996268,72.75267990962926,8.091604728720721,281.79959887456226,126.81331858206188,95.49529053242452,9.673598288517681
2021-08-01,WA,AT&T,1958410,161736,2.411243021039073,71.77068154533235,6.046313472141218,225.81193812503443,92.8320262975717,91.95392626534523,8.897551498458467
2021-08-01,WA,T-Mobile,1927076,189358,2.168153869742545,66.69884059031659,8.02853265951547,148.36389646411635,131.5128553782046,86.29696761122402,9.552177729997647
2021-08-01,MA,Verizon,1805133,162189,2.5905242135366375,77.54669974660331,4.974051512064376,108.46994949528286,115.56478400162885,96.3004630188991,9.424842573133517
2021-08-01,MA,AT&T,1680205,168481,2.3444061839404378,74.70337452938699,7.407929353588467,233.55120503970713,114.51438766533475,90.88683712884553,9.269859121878191
2021-08-01,MA,T-Mobile,2482884,158594,2.430469166636318,64.99326139472863,4.3639956305165075,137.11604735671108,121.71583069549689,93.2996498206604,9.583373494582464
2021-09-01,CA,Verizon,2926187,179994,2.236654082392046,72.27187425741276,7.849829338437087,266.4124193508302,120.71420832581093,92.38004689125,9.46296683067959
2021-09-01,CA,AT&T,4825067,140734,2.4725528286140834,70.5743684084498,5.0836813428135725,194.36859496752274,107.62687765804782,93.05664052735553,9.238493084897124
2021-09-01,CA,T-Mobile,2857599,179118,2.356946358960789,58.92114946589828,4.47315273428754,199.13226880701768,146.75636293845562,87.4161356928423,9.968399834895399
2021-09-01,TX,Verizon,6282935,162499,2.287555638635112,70.4244436900134,6.598399532177792,105.80798044184388,113.76403119667361,96.10932819473766,9.454316032875466
2021-09-01,TX,AT&T,6552718,167534,1.9506257553214654,67.85600764947702,10.0,176.7444349438909,105.10010051118718,90.64943976680749,9.142925126733198
2021-09-01,TX,T-Mobile,5368317,157994,2.2942133694311813,72.74087569607232,7.086513929948547,233.8997153101389,125.4392572728837,95.19527514954106,9.63723464298318
2021-09-01,NY,Verizon,11485115,169124,2.2778623449730873,76.2428256525408,7.955164293552379,278.8779707396982,121.33941882952013,95.1477738722491,9.518793336232466
2021-09-01,NY,AT&T,11895273,158380,2.7012813128995883,73.43399495274622,3.488366431515347,296.9731880689685,106.24071754528643,91.85619430038015,9.146160230389672
2021-09-01,NY,T-Mobile,9092246,149983,2.673859716205497,65.06037170898712,3.0392392253486835,236.11096952889636,121.75039313408759,82.34237954393775,9.254675531910015
2021-09-01,FL,Verizon,5206971,163575,2.3190728122244666,66.01888019201813,5.4045059299098845,169.96780510134636,129.72340871339654,96.08541986249075,9.816841968222471
2021-09-01,FL,AT&T,5208070,137106,2.724633088014472,70.65745707896224,2.3916257806060837,155.43627293492423,104.2067318811279,94.93534755041641,9.22562049334543
2021-09-01,FL,T-Mobile,6259089,170303,2.216738354464448,60.09840300831877,5.902551393455498,145.61551882061266,119.20697212672259,89.49745663563777,9.468079111520398
2021-09-01,IL,Verizon,4052847,134246,2.8888421458430678,82.63816360782837,3.097792027066523,273.1682950839884,130.2939761813532,95.41419236068472,9.641923658369324
2021-09-01,IL,AT&T,4515733,162902,2.360040859350617,69.01661483236761,6.031817316799263,194.7261510969219,115.14279532668482,91.7109705616809,9.364018875060447
2021-09-01,IL,T-Mobile,4152854,174600,2.174801073790385,63.21102593272424,7.0572696306691185,260.03164733295927,132.6901752777154,88.3692481797188,9.672770691618629
2021-09-01,WA,Verizon,3537695,180709,2.2801909763927832,73.2819324287161,7.465698259344013,224.540079246588,113.03879886461972,93.88778462471373,9.344590191746645
2021-09-01,WA,AT&T,3345774,183362,2.058466118862563,70.24814571717913,9.006698128651522,196.07941764046404,110.76930591210427,94.58269826158674,9.350385608917897
2021-09-01,WA,T-Mobile,2612792,147867,2.6865247708515354,66.92267766546327,2.2175205150465573,167.19184963910263,131.88614656213628,93.01767309530743,9.759026347447316
2021-09-01,MA,Verizon,10377599,169931,2.302795921302124,76.48874569873628,7.619083776505881,110.12027742436095,117.5832203548673,96.50706150220137,9.481988795176022
2021-09-01,MA,AT&T,9907359,140231,2.584180223516448,73.77665861722846,4.38556864503112,241.18133386533165,94.95969009851156,95.27960843250096,9.019815468772975
2021-09-01,MA,T-Mobile,8560364,174053,2.304133415728165,66.98520983629085,6.456374577921911,176.26716342445684,128.32888872101324,88.99333232054609,9.56652564567374
2021-10-01,CA,Verizon,5195177,165664,2.574438599805113,74.96640248562069,4.840128168569018,231.22576087344038,119.84257851467368,94.08766330503988,9.469817444588463
2021-10-01,CA,AT&T,7840829,150443,2.743823496697482,72.07670465640477,2.7042262122863114,279.56621592028387,106.9360457291348,92.72879752019823,9.199817793624595
2021-10-01,CA,T-Mobile,8960496,164604,2.383225528387086,69.50490385588992,6.415563697452434,139.15502228262724,130.74273690190145,86.5316178985469,9.515754236435537
2021-10-01,TX,Verizon,5637558,171626,2.2881726605977413,73.94222070880677,7.629368874588138,130.29642260599164,115.69040093299847,92.77348661195802,9.357590409930642
2021-10-01,TX,AT&T,5752648,142449,2.3793209455191118,68.02151368948472,5.169817326549342,223.01023310571298,110.59539936230995,96.41275956156481,9.424075637198296
2021-10-01,TX,T-Mobile,6546221,149615,2.2521003482137996,59.20288373751257,5.34040348590832,187.62446941617264,115.97794909663187,89.79169779456201,9.421281078394372
2021-10-01,NY,Verizon,6100616,174318,2.31816868926632,75.54768897208602,7.559545620806254,225.97674073423988,122.71225614199156,93.68305280947749,9.509259817403295
2021-10-01,NY,AT&T,5456667,137030,2.5885728988822856,70.18583210493456,3.5917705342089725,142.31642691409826,117.58847765838796,95.59666897955083,9.51781130150494
2021-10-01,NY,T-Mobile,6205711,176808,2.2609390558599456,60.685776945529376,5.244806839463079,105.29090109608484,131.27173919194286,92.82957991043338,9.803464411696565
2021-10-01,FL,Verizon,6342588,143553,2.8220628687308817,79.30211299356475,3.2571732755581366,106.94457361873044,122.84186778302644,93.82620635845998,9.478602416478681
2021-10-01,FL,AT&T,6247442,155974,2.4460871604123064,69.34242536584352,4.782343415076019,130.3365696733354,118.15475954696785,96.25270053969625,9.557251953471809
2021-10-01,FL,T-Mobile,8191970,192444,2.0456692484468597,62.571916303248,7.597501222469542,133.7164006995239,128.88204654501678,94.60189553711459,9.789978633981292
2021-10-01,IL,Verizon,2356951,170868,2.327493948541759,72.3474917949181,6.3019914825452,124.24065547433854,127.0896068073703,98.9256739102083,9.786087435504474
2021-10-01,IL,AT&T,1577445,146982,2.6095232750949027,69.37342285134213,3.476098615544946,272.0574529629098,113.64015441463962,93.0335320377445,9.370074820911707
2021-10-01,IL,T-Mobile,1776927,189395,2.4366779605817306,70.72687922379623,5.226977594840689,213.9321397943849,150.6909605389507,95.5161864410125,10.0
2021-10-01,WA,Verizon,7951022,208983,2.12494042360414,77.52757607349058,9.790842013574393,192.42298454035046,130.9319218978963,94.65268965082326,9.68294336674772
2021-10-01,WA,AT&T,8355636,158405,2.1816712920069037,69.90777797991767,7.743814019923426,122.5423365497818,95.99403629743804,94.21028655991073,9.047111542946906
2021-10-01,WA,T-Mobile,7683893,142700,2.81972024231972,68.37351901450185,1.3349093174942483,215.46128363794958,123.36840759367617,91.42592062208921,9.526410580391182
2021-10-01,MA,Verizon,7279744,186102,2.128100738318713,68.29561918274926,7.8487147360520115,208.8499428991277,125.67217905433873,95.29401717310711,9.689307904452495
2021-10-01,MA,AT&T,6083460,169413,2.145464528036278,64.93936914588085,7.1674228396479,264.005564453085,117.7857289727785,93.65805709165494,9.51606260074641
2021-10-01,MA,T-Mobile,6200746,160139,2.35868968671234,67.31818513375818,5.845429525067409,159.73679676282686,120.37669232554916,90.31310634560826,9.44374518554165
2021-11-01,CA,Verizon,10294951,158509,2.510177620173315,76.1043666764189,5.465983997571086,134.32467037691296,121.98507801297717,96.53113135979547,9.574591834289217
2021-11-01,CA,AT&T,6918656,146825,2.5431579016260315,68.23987027555364,3.5295854689630417,171.8347175757512,104.96928168814414,96.86809569887369,9.323029801973556
2021-11-01,CA,T-Mobile,6762667,191889,2.0830087671030735,67.9582452272964,9.147186066669896,129.2464504256417,129.17124444314658,86.14375307758651,9.488155028917562
2021-11-01,TX,Verizon,2414297,143554,2.5006108773372735,75.26595249473607,5.358751047386377,210.35801271589912,113.9247909007929,96.883306781881,9.432335496524928
2021-11-01,TX,AT&T,4313335,158679,2.2542278233264117,69.36184024920725,7.345940412063835,106.63929722109398,118.29215043388267,89.84149404513501,9.367469427539632
2021-11-01,TX,T-Mobile,3195691,153084,2.2593522892944367,69.22713789923627,7.09825335111673,131.4364943216747,117.83356904459326,91.53651335786157,9.410495402635348
2021-11-01,NY,Verizon,4408681,167773,2.284750802104262,73.39640472593224,7.129134389354401,168.8742780809069,127.08594437977017,97.02638534789429,9.71854640077291
2021-11-01,NY,AT&T,4026421,183762,2.385482779974659,72.73918028255295,6.474503374239578,262.56467893379903,124.68057133162957,92.1850488252442,9.531771088564389
2021-11-01,NY,T-Mobile,4046956,150574,1.9233399670533926,60.683978007826965,8.494110294907326,196.6475530586029,113.5654505600337,94.09285636124139,9.487254921959646
2021-11-01,FL,Verizon,6266952,148910,2.432236403773517,74.48096192835447,5.989918259552943,116.90866707602461,115.56781307572304,95.83910088382783,9.44171966874575
2021-11-01,FL,AT&T,11708624,156961,2.5013384383922825,76.32082054678956,5.822787787302781,133.57578021656926,110.30423680042476,94.27991938132307,9.271274111980292
2021-11-01,FL,T-Mobile,7394196,162627,2.235652746595514,63.32815607115634,6.540168822695528,155.37410339303133,120.73589535406181,87.68934925580602,9.412116824043855
2021-11-01,IL,Verizon,2934921,164252,2.3260538490104716,73.93060975859088,7.343752632985197,120.95165190769961,116.83703463635155,91.81830828628262,9.3519838437296
2021-11-01,IL,AT&T,4153926,147794,2.4334181289561942,68.78830326740676,5.210443486492635,165.37575795306392,105.82734634677607,92.13035877426778,9.192574657489487
2021-11-01,IL,T-Mobile,5090637,186144,2.4361783262727617,63.712551519000186,4.723322862280225,209.24959352057772,145.59182290482352,86.57404178792196,9.871932196544128
2021-11-01,WA,Verizon,1652900,154649,2.705555174216486,73.82610033030487,3.3877146693279245,144.2979450040285,116.87918148815753,93.21953654568188,9.395908722830558
2021-11-01,WA,AT&T,1273724,137126,2.424077677325818,69.70804210692293,5.650824020005581,158.62237582669212,108.0822828810827,90.50007628120824,9.179567524988672
2021-11-01,WA,T-Mobile,1267259,177558,2.5609527177945757,70.45639252974935,4.4102692279081035,202.4388953519212,121.78968060052331,90.71482100096013,9.452674316741776
2021-11-01,MA,Verizon,10563615,153737,2.320724729900629,72.85346170163176,6.858079135135097,108.93200577544475,109.39684009968958,95.05365906184963,9.311011956832964
2021-11-01,MA,AT&T,11347076,162473,2.170810120442829,70.07183914734779,8.071832418864068,150.69382824857877,108.87439470853822,92.34434206177198,9.247099764550446
2021-11-01,MA,T-Mobile,11182876,203471,1.9497063362797236,59.614612410140396,8.771150467882961,121.91957406702541,136.50850180012273,86.54708651347879,9.730436507305415
2021-12-01,CA,Verizon,10089010,169806,2.171471563852175,77.3673630704706,9.575381462116177,225.72789799271357,100.58250558434825,91.83375513456195,8.992989135019117
2021-12-01,CA,AT&T,11509529,154726,2.4414510229744373,72.27760077805956,5.636297910959934,172.55103224023532,105.5783233465784,94.04712014907608,9.210204063623255
2021-12-01,CA,T-Mobile,12420688,167158,2.6220940172463036,61.896049329967674,2.524387932999719,130.4541371344595,137.2340487537406,86.33881760530775,9.71588500993437
2021-12-01,TX,Verizon,11384921,149265,2.6503603239058133,79.26979476319698,4.9523136593732096,167.58028515501263,107.19022565561474,93.98042054208052,9.17051918174274
2021-12-01,TX,AT&T,8883679,127082,2.3756893697199852,69.1989887146989,5.751086740571155,249.27453495847075,83.64161030486794,93.31817305168774,8.780387510501003
2021-12-01,TX,T-Mobile,8924234,190161,2.158657937481704,67.0632915456853,7.990605801058446,170.93416532206209,136.99080886744179,88.35473133261573,9.719825201870455
2021-12-01,NY,Verizon,12693119,133472,2.6670695554495403,74.71251875772508,3.3772922161602286,266.847685928128,101.38456471838353,98.94515980889386,9.248920901057236
2021-12-01,NY,AT&T,10691042,151150,2.588720662848921,65.01029656228152,2.6974923138199607,131.49059143796933,106.00929460756906,94.17360370147131,9.295291037572705
2021-12-01,NY,T-Mobile,13490647,196327,2.320345168226723,65.96912487136214,6.315925395505921,252.92992231807145,137.23070324135577,86.74447896499277,9.687257185063277
2021-12-01,FL,Verizon,9516815,171917,2.385726704684262,76.31196152651574,6.523669224210238,200.97816285579222,120.92126612335903,98.81456034250287,9.61974251747711
2021-12-01,FL,AT&T,15182598,142278,2.7076493566736772,72.15959187385043,2.778203160866959,265.3299550928118,101.74617262788792,95.77221647166358,9.186494027969161
2021-12-01,FL,T-Mobile,12512129,170525,2.137813503376603,63.678654960046956,7.703237937465418,219.64037915877176,121.97808653391824,86.54358020777944,9.39908258731128
2021-12-01,IL,Verizon,3062424,166982,2.4281077673470417,78.32254092895542,7.108285853025498,291.1623486348749,113.85576475552158,92.75144659295168,9.276433283609427
2021-12-01,IL,AT&T,1912466,146089,2.7189170085040013,71.44484153706428,3.0641636447223983,135.31083844856812,119.09990347594524,90.35634577650441,9.378240027443393
2021-12-01,IL,T-Mobile,3066233,191953,2.214176258163514,63.20209163412883,6.789288166713332,151.72375426209524,122.53338563579304,87.09367578477297,9.431457069917762
2021-12-01,WA,Verizon,1429729,177399,2.373542169110916,78.59877044698021,7.439728337694447,129.8696900638947,108.310190897875,95.44604060592432,9.243597331665429
2021-12-01,WA,AT&T,1895150,163317,2.400476846567515,72.82378816887928,6.486093259307299,146.90617439705485,113.27075218053308,90.73895908793408,9.25934593455989
2021-12-01,WA,T-Mobile,1161705,158380,2.745414716208331,66.78355073351031,1.851438359340821,176.70037622318142,133.0678996246145,90.51124625277933,9.708859872740566
2021-12-01,MA,Verizon,11333111,174624,2.4456029817525047,74.33175536054394,5.650994619948916,153.92957232792233,127.79006311699187,97.59326634634827,9.740281699124846
2021-12-01,MA,AT&T,6861073,155007,2.3843620219754453,68.81679865180398,5.7014187765135524,141.21405048412456,109.28963158787218,92.18320734092791,9.26312086546724
2021-12-01,MA,T-Mobile,8539457,171343,2.6120147732677377,65.51513982352031,2.836853269507916,170.75919709378104,147.67000877590417,91.46026962518772,10.0
2022-01-01,CA,Verizon,7055073,181787,2.1668465425764163,71.19662038416374,8.195459682468266,172.91403144485037,125.99441035402754,93.75398968600315,9.620541693819009
2022-01-01,CA,AT&T,6800802,177976,2.468326614552865,74.45678596889394,5.998205740567206,182.09938662457796,121.97598558616184,92.09885307682937,9.45791744433918
2022-01-01,CA,T-Mobile,4975804,183674,2.2954540339967635,66.03144943204312,6.3645650910603235,144.00199561239438,140.78065563392607,88.87184455380668,9.821453954972291
2022-01-01,TX,Verizon,4057081,171341,2.594141070811446,72.77246619411568,4.3693655266642795,234.77307878393762,128.12923100889944,92.43717004044395,9.607975059450151
2022-01-01,TX,AT&T,4177310,146336,2.4674396298189123,71.60285613762353,5.098800550631936,135.84196991220514,104.10240759332865,95.47374378703645,9.230231904101432
2022-01-01,TX,T-Mobile,3916990,166964,2.2649097121875306,65.26912178805502,6.649404767101445,160.4498789826395,120.80101829553847,87.55322468634255,9.389925888620496
2022-01-01,NY,Verizon,11789044,202443,2.141751203863581,78.23527858341885,9.852690811442269,147.80512736073382,132.27579505067123,93.7685286660569,9.676218975160943
2022-01-01,NY,AT&T,12804638,174687,2.4999897117129652,72.41571957371322,4.826058027959073,135.54089223936282,115.34507548206712,96.57188769653918,9.479900944800384
2022-01-01,NY,T-Mobile,11558447,203133,2.352353492845596,62.31100000108401,5.028819775909982,181.86859276578895,144.70102781718697,89.0984529585086,9.943864145088158
2022-01-01,FL,Verizon,7461063,141943,2.4285199076414408,76.87486109419247,6.546301174996403,122.81726208781949,99.81108264187385,95.43471967427683,9.090514632123856
2022-01-01,FL,AT&T,9445536,148339,2.4901213515203935,70.15296609423817,4.614147664461238,283.98694635627896,105.13387010296486,95.15232039182462,9.255717352871654
2022-01-01,FL,T-Mobile,10288228,188447,2.16183861602622,60.94189830204134,5.846878252765282,187.24145929647392,140.14606096175027,97.23115247380785,10.0
2022-01-01,IL,Verizon,4493680,181438,2.2892995645797187,79.39123237497253,8.776173778912757,244.51081932323123,120.9912579247616,92.09077050284567,9.388635949830878
2022-01-01,IL,AT&T,5440702,150970,2.5844631417684116,70.28088358436592,3.944793713653232,164.78711321560675,122.70845621075549,92.66751585535835,9.531385764032201
2022-01-01,IL,T-Mobile,6730098,160931,2.3626284755469085,62.91817403356163,5.105699443387735,221.22487777659555,133.49747815247983,88.51650607855507,9.696263005070632
2022-01-01,WA,Verizon,5791232,165530,2.5205494915599678,77.82319965435579,5.881920336818626,288.2039645394468,117.29188727197231,94.77224678452852,9.410773152431743
2022-01-01,WA,AT&T,3187932,142188,2.644620407029035,71.96670219526551,3.9001787759623885,280.16739605646467,123.06554067734501,90.46957592800361,9.455731069434353
2022-01-01,WA,T-Mobile,5321779,192622,2.450727841191906,64.50611270741544,4.569212857521652,276.99872267900514,121.84212274831428,88.24731272042375,9.439200709504844
2022-01-01,MA,Verizon,6138849,164804,2.571898678933796,73.9772561913319,4.86618996742634,130.0267691660051,109.84350375205446,92.1027448150208,9.220179857578394
2022-01-01,MA,AT&T,7560846,138136,2.2333775125615962,70.21472963289018,7.253625254489571,260.2906055648095,96.55834864419458,94.55545546472504,9.065683340496742
2022-01-01,MA,T-Mobile,5899395,179577,2.595953910515277,66.85910758898892,3.3802007306784883,284.2430200212571,144.2312691510158,90.32081681966525,9.925658811720384
2022-02-01,CA,Verizon,8387190,176208,2.441269049033449,75.89123011950474,6.283978901151185,203.37170510746347,132.5687803167492,94.8157663241527,9.736936294864517
2022-02-01,CA,AT&T,14508591,159000,2.155888249014324,71.55163064847689,8.442331500008173,138.64719829697344,107.1005593363332,93.0911213954397,9.219228522105086
2022-02-01,CA,T-Mobile,13023635,171906,2.3298162347228564,61.06478992326463,4.827429900895696,205.47465799416824,122.14117876925032,90.87365736528665,9.55838539711096
2022-02-01,TX,Verizon,4564345,172723,2.366587046414358,74.40922432056246,6.898710983922709,172.76042168646697,111.1645126902117,93.17263416046202,9.27437703541247
2022-02-01,TX,AT&T,3215377,143576,2.5279595263398895,68.46621170762594,4.213667578673691,219.8923351573314,100.2102290823157,91.99979499452604,9.079536314405837
2022-02-01,TX,T-Mobile,4240324,197091,2.3277685255202725,68.77615286316222,6.279190049549986,168.44528906097332,130.27292376658812,91.98355267879735,9.67720352706406
2022-02-01,NY,Verizon,7468814,164945,2.4360738459170928,75.81459027846905,6.270565017104635,140.8017273021534,105.52782220742041,95.31614579418249,9.211894915189191
2022-02-01,NY,AT&T,12067103,172282,2.290985553815075,70.77015751838722,6.798009518487705,218.494929512723,110.78013074455589,94.46166447038985,9.341750973818941
2022-02-01,NY,T-Mobile,11855449,153277,2.2374792584235945,60.49320424297916,6.314197301287661,241.24563399159473,112.51965462863994,84.09650963072227,9.168356339064676
2022-02-01,FL,Verizon,2739218,158722,2.726151966554016,72.75579524373678,2.7154411984480142,261.4327532843361,127.0555074738604,95.74198184759186,9.685811652467597
2022-02-01,FL,AT&T,2470754,161339,2.120940532627082,67.16935871055115,7.719638179308997,293.96189783527075,121.10436469069681,95.04828236530412,9.601842177667548
2022-02-01,FL,T-Mobile,1670405,180090,2.2204395508909194,64.14054157566308,6.60273895497406,173.4587895230336,140.51430756162486,90.20973851249364,9.875172890850676
2022-02-01,IL,Verizon,4532378,171210,2.1630381970118577,75.06482908761971,8.487739026436373,277.918128273373,125.0850637524051,98.94844820968993,9.719506430462603
2022-02-01,IL,AT&T,7084530,148961,2.4016501390965184,67.38475709413285,5.170970786303854,173.74480105515863,96.37077449647505,92.89479241557532,9.040411691455432
2022-02-01,IL,T-Mobile,4200848,199005,1.9844386413472135,65.29668187728369,8.511922471275646,275.51635450667345,148.2098376890866,97.03027490708953,10.0
2022-02-01,WA,Verizon,1943529,138132,2.576582818661005,71.00917860811984,3.9204440241972645,240.1248716324602,125.74382255482011,95.15563510816656,9.6594537182602
2022-02-01,WA,AT&T,2766455,155651,2.4508807853079637,69.07057063851401,5.114687466241755,225.00450953039274,104.38474340168317,91.9061880838141,9.154174804162947
2022-02-01,WA,T-Mobile,2100676,179624,2.3574049710268747,61.647937056171955,4.726760586225856,212.39504786274983,130.7899987275232,90.28777114739788,9.70795373841068
2022-02-01,MA,Verizon,6368052,152158,2.5458308288565803,73.26593277617314,4.752319502625479,241.51067118386396,117.23040905772834,94.42558764043346,9.444716482605841
2022-02-01,MA,AT&T,5557993,169681,2.3030548874262733,73.50187215215134,7.668110903698738,167.77637724973485,122.00141587526417,90.01714652468794,9.40552399172441
2022-02-01,MA,T-Mobile,3806112,162881,2.5286779439063967,65.42140092720457,3.7509566407722095,214.55065184963252,124.94890584588491,90.46544105604741,9.558727339327074
2022-03-01,CA,Verizon,8178024,139208,2.387364060038796,70.76637925264863,5.62815670776194,292.3581495252448,112.14815099626558,96.51478542379827,9.430742790112774
2022-03-01,CA,AT&T,8391273,178708,2.234785036960949,74.31187272958559,8.336432270074598,103.45219709944801,123.19318518641633,91.78091906233033,9.47417254830238
2022-03-01,CA,T-Mobile,8850373,160910,2.174208917628667,62.11688705381137,6.697062739125221,107.73267723561999,136.59853977020282,89.84225495350385,9.806069573471058
2022-03-01,TX,Verizon,3192718,147317,2.3596916264119443,74.70769237199633,6.753967401853191,155.1270740032389,101.95592277502924,95.90654808426635,9.169237974308613
2022-03-01,TX,AT&T,5145790,187297,2.1200938396237894,64.84857969079738,7.341197878669595,144.5954949575363,116.25110546248948,94.27579663251986,9.504810211317412
2022-03-01,TX,T-Mobile,4722065,181567,2.4672542801759048,67.62348898519468,4.735097212098268,129.4602691423786,134.01429659367463,91.1705778318162,9.739168376976032
2022-03-01,NY,Verizon,13084536,175448,2.5750665533783668,81.31756903308998,6.33919535278987,279.6545328985107,120.11286223160319,91.73652920044458,9.341177430314502
2022-03-01,NY,AT&T,10405303,147884,2.7606739118544312,70.15274108660641,2.2282707642715813,144.46364184284525,105.70418354408284,91.95538334505395,9.171217760367211
2022-03-01,NY,T-Mobile,10482713,177424,2.5021143574833387,65.23760878606893,4.097783906515071,119.58767307657119,124.11405015437725,89.28594275865332,9.508483197986456
2022-03-01,FL,Verizon,7498357,139762,2.8503167267471627,83.70882488551602,4.048215314703721,103.32789284039006,116.70920826647946,91.9038239492785,9.254210634952784
2022-03-01,FL,AT&T,9578558,165191,2.3577897047395013,70.98796999805118,6.229784419998317,289.90427523572004,112.12674016141784,93.89912532216908,9.349628862912917
2022-03-01,FL,T-Mobile,6883882,147699,2.369276692361397,63.5894434719511,5.109949925488123,248.0286413521906,119.45916246803992,89.15171845288131,9.427840368227727
2022-03-01,IL,Verizon,10718905,177654,2.3728829604482184,77.25336357234144,7.579652140835371,177.8121419237305,113.67192400777817,91.42190969150735,9.243562135177369
2022-03-01,IL,AT&T,9318250,156535,2.229487508560349,66.07904362259222,6.8818434188317745,249.22297144064726,107.06568597686687,90.39090220083177,9.19225034933637
2022-03-01,IL,T-Mobile,11270404,170569,2.4997888885859867,67.30474573145763,4.11835585161594,209.42226394765618,134.7295356471327,93.4470440881572,9.824954578272793
2022-03-01,WA,Verizon,6420980,185682,2.1431064099178183,75.60118435462905,9.324665489709336,219.35531918618886,115.02624126957133,93.6450728203829,9.353865166456622
2022-03-01,WA,AT&T,5055119,137614,2.7834655090709925,71.53240491827027,2.113381247238933,208.68903770837852,112.64030500603549,93.58444645705197,9.345015444649565
2022-03-01,WA,T-Mobile,4539420,189997,1.990731415626183,64.87838408960646,8.61293139254092,143.48459422684263,121.56952385000162,94.55431269118542,9.619236016839531
2022-03-01,MA,Verizon,11197365,140282,2.6624615608666753,69.87222200790805,2.486860809330969,198.65843521751134,109.04737216347158,98.6296798358389,9.441115618265519
2022-03-01,MA,AT&T,7500041,139417,2.508475220198303,69.712601355963,4.3491718767152685,115.04175807039836,103.02910740821955,95.08596192494302,9.21603499235305
2022-03-01,MA,T-Mobile,7893050,184181,2.2314536397408284,61.780230152848134,6.574917122913659,251.3464626251254,136.057362818942,84.66592510247682,9.643322707924664
2022-04-01,CA,Verizon,2965897,139751,2.6086302061812288,73.29854702960515,3.933727519842863,296.08977972727854,124.2256716467424,96.3967982426588,9.64343190991856
2022-04-01,CA,AT&T,2888860,154032,2.453061809605068,69.46159492697208,5.102285680650583,146.0108735493794,117.00221911282289,92.59415208693154,9.423252995594684
2022-04-01,CA,T-Mobile,3528782,155725,2.505823073015428,63.514090272189755,3.6326153159277474,286.8153698542969,133.4086459924822,90.11972008355929,9.736623619634525
2022-04-01,TX,Verizon,4194825,188159,2.0160408425523197,67.521929335998,8.838027644315147,287.3412086764451,129.66932342904187,95.05949797361254,9.769952114429232
2022-04-01,TX,AT&T,3418194,154281,2.2524779246729874,69.49323318531495,7.410800059947991,204.37038889905693,106.87413133868378,89.63067330385125,9.131470494036064
2022-04-01,TX,T-Mobile,3976691,180287,2.590342358021548,62.16899655506248,2.1837752167013833,261.82544507161765,141.95511163471548,93.46600514095628,10.0
2022-04-01,NY,Verizon,9086466,183819,2.0265613791704027,75.24052016617638,9.887168174755127,134.5509292023934,120.55453335157699,98.95322066776122,9.627282085402612
2022-04-01,NY,AT&T,10934311,158991,2.5238972045419716,73.91985120788515,5.386623568959,137.03518776901183,114.2355883701672,91.5837462719831,9.293025643483984
2022-04-01,NY,T-Mobile,10656765,184473,1.9518463427377748,65.05435543287761,9.564048225402946,258.51822803930884,129.80821374832857,89.28359433794827,9.624128550776245
2022-04-01,FL,Verizon,2680987,166652,2.403142314157206,75.47454900839078,6.506889298176978,271.91190653069305,120.66725519155473,95.5659736192912,9.525578822325922
2022-04-01,FL,AT&T,4495843,168289,2.252904506093463,65.49698665630429,6.354632290946831,246.55719447287888,119.73885053322871,92.15719979379395,9.50452313791535
2022-04-01,FL,T-Mobile,3859042,186267,2.258563527225494,66.44109957236233,6.966053318115044,269.7375853765866,133.89442447906734,87.3653132410248,9.634436891088468
2022-04-01,IL,Verizon,14944063,169649,2.5713533786636344,74.91507693209778,4.648124670392345,243.03439052191612,133.22548462831662,96.21356929390868,9.801766002062614
2022-04-01,IL,AT&T,8817954,180170,1.896726192060164,65.66607624079475,10.0,226.81761152282363,115.54528570021809,91.65953327557312,9.404030949863609
2022-04-01,IL,T-Mobile,12838682,191569,2.2730124619571446,64.85882437767684,6.366483820917437,168.99241695184645,142.9991897806181,88.75156435046482,9.87394248234954
2022-04-01,WA,Verizon,5618725,176843,2.171000231454093,74.20409200544684,8.243538165367706,275.6413348453687,124.45514537064183,98.87277921180733,9.713245363712588
2022-04-01,WA,AT&T,3969418,157812,2.2324608376836723,69.05331612999402,7.139921665175368,194.7203602989369,102.34757037363937,93.46133183986711,9.16025820136886
2022-04-01,WA,T-Mobile,5662691,178875,2.2153829317623783,65.40385403101607,6.786401563476081,192.9149134080507,126.69814438768474,91.4053992510335,9.62208632497454
2022-04-01,MA,Verizon,7613005,155323,2.7333601775383016,71.60962426784027,2.3692584206065095,170.2631090506351,123.12813316743699,96.19064657578532,9.632185817943897
2022-04-01,MA,AT&T,8555447,136514,2.6575578472005654,72.09342140720096,3.70501916985245,222.88673096701905,105.03036867079499,91.38086639582086,9.121099151218516
2022-04-01,MA,T-Mobile,7170796,180071,2.3381240501039047,59.98946542275132,5.165102061889361,109.2066272283437,120.8534626467427,84.51550521621859,9.352639755193897
2022-05-01,CA,Verizon,4614069,175236,2.1446643063685595,69.85724574936808,7.720501173036007,266.06513611894025,122.29968757377269,98.04304913152016,9.688712767927377
2022-05-01,CA,AT&T,5212769,155503,2.484278149495011,70.94293478623987,4.778966899410147,216.0644491828406,113.8525781685358,95.66838562887718,9.437673784374633
2022-05-01,CA,T-Mobile,3359364,169972,2.384499608395616,63.46983257700924,4.8006347648144025,197.48223557805804,126.1501746204411,90.48335666631284,9.602805866628115
2022-05-01,TX,Verizon,7043504,154067,2.351365587630382,70.12582973864521,5.895104600701762,141.65954461693835,125.7997217103361,96.16405470723454,9.699657778037306
2022-05-01,TX,AT&T,10368696,150528,2.246479221841187,68.48585361449454,7.119323140648738,263.4692646765579,98.83019691409471,91.13055363838299,9.025662011288437
2022-05-01,TX,T-Mobile,8491228,155953,2.2751641890064755,63.31501832922372,5.968624066486124,185.72911386303656,126.5563666932314,89.42737709293867,9.580798463360551
2022-05-01,NY,Verizon,5664444,175874,2.5391961179405595,76.44615218490092,5.8424563411662005,299.31228390277136,138.19077190195804,90.54812916408385,9.715797791112667
2022-05-01,NY,AT&T,5542022,155478,2.150521265352389,68.41061853907391,7.935624421609071,215.71508227664475,102.11690735225037,92.41286632681823,9.130617951458815
2022-05-01,NY,T-Mobile,4133350,195820,2.093242277803421,59.11744760650132,6.721921775450102,205.28272207897564,143.5929142433651,91.69144967815951,10.0
2022-05-01,FL,Verizon,1956790,178762,2.083712322934502,72.40410217459545,8.984200051658675,276.4215514376506,127.92575092746797,96.59497153915395,9.732323142978023
2022-05-01,FL,AT&T,2142432,136569,2.818766605265103,66.71359013483394,0.6447434720784999,283.4591193229771,115.30029925863407,95.10308502237255,9.491962634495518
2022-05-01,FL,T-Mobile,2232891,167520,2.4568181285079076,68.47379599880516,5.032438485660895,111.65286270821046,137.35383796568343,90.94139429021058,9.790580628031934
2022-05-01,IL,Verizon,6171591,139623,2.636327657422996,69.32927800758901,2.684134012558082,214.78228120667956,103.93541098959587,98.18445014729755,9.330948944134953
2022-05-01,IL,AT&T,4964511,157066,2.254531749042222,69.9224855658516,7.184249249490697,259.3545721139691,106.77477880892943,92.54930373257399,9.212749832497293
2022-05-01,IL,T-Mobile,6780217,149329,2.5729352294946413,65.55025837706361,3.20234667967687,136.59954332041977,118.28516870029014,91.7835270078944,9.463706600472
2022-05-01,WA,Verizon,12236056,158407,2.242681409181503,80.12928975499372,9.023360007486058,173.5063895856234,103.60712262353928,95.75683851697654,9.143554710430145
2022-05-01,WA,AT&T,11681208,155400,2.546410412247225,77.67868675096982,5.798366476606114,286.55961137459576,109.40200737971794,92.73266751115597,9.19323330541934
2022-05-01,WA,T-Mobile,12665927,185421,2.368095363228554,64.07214629143473,4.814085357249745,149.52347981218887,132.00097118424074,93.19390268751661,9.795115041395965
2022-05-01,MA,Verizon,4827908,181456,2.3656308127686083,77.26530819238019,7.271641806295237,240.21343662197546,128.41081538606414,95.25111704494715,9.653096737145896
2022-05-01,MA,AT&T,3139847,154054,2.5823408382688995,71.44150069940697,4.583527361670633,233.47972491216152,108.1859396528281,88.81364395521769,9.113713104719022
2022-05-01,MA,T-Mobile,3623122,180415,2.095520756734903,66.0104338171624,8.168322033909732,176.08889035319226,126.22010254014782,90.78557162173718,9.587864861283448
2022-06-01,CA,Verizon,6774087,151845,2.3498230951018964,78.83545562235501,8.153769861605252,297.6833649680601,116.49947095481228,91.15090311846784,9.27616195642673
2022-06-01,CA,AT&T,6741842,139369,2.8490722425221495,75.44396602682039,1.9328924243100172,250.10298552775484,108.23873396562917,96.6517835583257,9.30988852579415
2022-06-01,CA,T-Mobile,9148187,189289,2.0529928766543684,66.30145440011037,8.734580299538601,246.22159214363336,114.75399288779693,89.95781813939789,9.330799857936771
2022-06-01,TX,Verizon,3803782,179260,2.4226649080388563,71.99613801717,5.766875689601523,161.05330760245334,123.65370054434003,94.05702833443912,9.574823480748275
2022-06-01,TX,AT&T,6626558,161821,2.2315845911200083,69.66760014333967,7.281254534968452,185.9313844372004,115.13404368173956,93.36419582499396,9.406930746951213
2022-06-01,TX,T-Mobile,3794105,156003,2.5552581813982096,65.7719518740997,3.4651582155102867,187.8086520938906,135.13218200689607,91.36650345327557,9.785919224995192
2022-06-01,NY,Verizon,4307162,149248,2.4389178635740096,80.84912797631141,7.450320266806804,244.29390757429744,101.89956877471982,93.30326692715381,9.028598103545896
2022-06-01,NY,AT&T,3041835,168836,1.9724682485416076,65.29158264084455,8.85947053238014,234.26680622060113,112.46117706376583,94.74163510372694,9.438556767978678
2022-06-01,NY,T-Mobile,2603433,175449,2.5225292439225444,66.71038983655353,4.639314761800252,243.3492765820155,124.84606201884579,84.77470766285009,9.373058571896882
2022-06-01,FL,Verizon,7400789,164907,2.4066488808969493,72.56935629956672,5.865004035500357,244.57083593507082,114.59841426987795,95.82378415443496,9.440988247034939
2022-06-01,FL,AT&T,3939465,149253,2.6370558059805593,66.26745635286942,2.8426146425470553,212.2507641589002,109.1475854415832,90.40318568221234,9.232372715769339
2022-06-01,FL,T-Mobile,4985669,154093,2.485229082109435,67.44665857977824,4.260955263191155,290.12875698892174,128.1134897907615,93.76085631670138,9.700628899518488
2022-06-01,IL,Verizon,8489027,176949,2.4119493614649983,75.47152257733225,6.276072710397877,170.52331994522748,133.59620005983157,96.98738190418591,9.826830232548884
2022-06-01,IL,AT&T,7844843,131858,2.533168122424154,68.29370444359925,4.146084068679755,252.85744636744326,98.51689948630911,91.80975595798559,9.041693624029758
2022-06-01,IL,T-Mobile,11446741,182459,2.3614865736373094,65.96953363854861,5.648676136020547,162.75339525768769,144.49328607951682,89.30364855316081,9.909279841799675
2022-06-01,WA,Verizon,5167658,153637,2.5435199892549374,76.8452669524481,5.1615930597020485,111.85455735359544,115.00083645497182,97.72260438238197,9.463242191046415
2022-06-01,WA,AT&T,3293886,174447,2.3031714416773976,68.62383501525055,6.616227433285982,243.15753926925885,128.6252995187527,90.76825152990155,9.609315186119595
2022-06-01,WA,T-Mobile,4582516,165875,2.3610933273399186,65.03144347952974,5.397617285042759,119.8944299839003,122.64690186814914,89.97738137464003,9.501945043806888
2022-06-01,MA,Verizon,9055425,148722,2.80908648508959,77.44256842335597,3.020127590719555,265.3953754441894,107.36128439266284,93.77521243055737,9.186056376536419
2022-06-01,MA,AT&T,7690273,172374,2.486964400617237,69.96523064704354,5.033032183192368,241.77142264085495,115.06379498694662,90.90369940043972,9.328734575281688
2022-06-01,MA,T-Mobile,8070402,191265,2.0287679508453422,64.02345976101519,8.642422252155153,190.55013037160717,144.3564472009922,88.74590191594459,9.909271403888031
2022-07-01,CA,Verizon,6406883,175220,2.29438580909372,75.23487729452032,7.528611824705797,115.8939006703211,120.9091825085632,95.74505543261064,9.53818654020438
2022-07-01,CA,AT&T,8246645,177469,2.3150378289180553,71.60732511693112,6.7811462776265135,285.93305326008965,126.71791389714618,93.89940456579153,9.635267163747358
2022-07-01,CA,T-Mobile,8439078,167655,2.2892488308340853,68.34816996584135,7.207374882626359,105.52321145245402,117.90330814585589,85.69770802201059,9.245515703919022
2022-07-01,TX,Verizon,8296451,177031,2.318577009556924,73.0327380100159,7.1494406316994406,271.9407776409488,127.46908171952175,92.71336874734503,9.600455316710628
2022-07-01,TX,AT&T,5599283,158561,2.6557536695344153,73.97512038475062,3.8305577991675412,248.51863692844603,121.85634708242326,94.06929582438433,9.519454612532488
2022-07-01,TX,T-Mobile,7088690,175348,2.112379561967908,61.786783379385625,6.693245784951193,297.2659309102679,118.58558132459316,95.40315271246848,9.615938374072062
2022-07-01,NY,Verizon,3135823,202907,1.8998207220625316,67.8055107142473,10.0,172.36147360709805,137.0142374044037,95.62894922224149,9.931098117612844
2022-07-01,NY,AT&T,2345887,144957,2.4414682885799635,70.30220742436404,5.124355754276696,127.38315849537811,102.45562390196238,95.21402844796481,9.202511257234551
2022-07-01,NY,T-Mobile,3435419,185240,2.181866480114701,62.921170309558796,7.153122241017989,243.83287635577787,125.87309840319122,86.12447019746757,9.471984370892264
2022-07-01,FL,Verizon,1833860,152643,2.3659083734374042,77.46618535291805,7.120561787357907,120.4826246253597,100.13709388129578,97.13591548851659,9.142157488752233
2022-07-01,FL,AT&T,2630971,181402,2.217166078644768,74.95574301060213,8.719436426001792,198.90309139166368,117.39401815023204,91.00051389670959,9.328338349799909
2022-07-01,FL,T-Mobile,2783093,180887,2.2937597377667123,64.13689133561265,5.500454775919233,248.37337201731847,140.4307049197036,93.89326113536173,9.984043019098797
2022-07-01,IL,Verizon,9670021,151225,2.6363743775879884,79.19967771933533,4.792164208227591,263.0410562330924,115.96841272585431,96.84027559759595,9.432579745251612
2022-07-01,IL,AT&T,12810268,152038,2.397665678256347,70.43611967451582,6.176247539102755,107.19671924173679,110.83746782896712,89.34319613236941,9.192684043805267
2022-07-01,IL,T-Mobile,13541885,192056,1.9996782128120167,61.22829709131088,7.8291473666997335,252.5513641623157,141.2720973209294,94.19729923442273,10.0
2022-07-01,WA,Verizon,4386326,144992,2.4985585007244575,76.5653461159629,5.794125483041802,171.39636117555153,108.57035946081442,95.33358732906198,9.26576134792852
2022-07-01,WA,AT&T,4298987,163421,2.035402654535029,67.48672270041345,8.632111920419256,269.3997199514537,99.67357301877942,95.11206074313142,9.171966055665397
2022-07-01,WA,T-Mobile,4514726,170066,2.4860585926481042,70.41907147811767,5.744747642699029,200.7117092651045,131.8111228888943,84.78480726443465,9.47557596092975
2022-07-01,MA,Verizon,2195571,149955,2.4678119450766265,68.78917936645982,4.67702422943696,110.12216815143469,102.07049422715806,94.02692193088737,9.174325748805185
2022-07-01,MA,AT&T,2079250,180018,2.1873887236165,64.4154599180224,6.484925943445422,225.17804310776552,122.66427037626893,95.2427880399406,9.666414449543373
2022-07-01,MA,T-Mobile,2351094,192285,2.4589625535662387,66.89958553601575,4.671464270082836,260.9093384285066,135.10308006263435,91.18827301457931,9.76871393632991
2022-08-01,CA,Verizon,4447217,150620,2.5637862113606786,70.82945254382615,3.8553716700253227,116.06738699987295,119.14412545637785,96.72656725133125,9.576385001229232
2022-08-01,CA,AT&T,3207574,129614,2.532519827679745,74.17452686618923,5.160107263529185,279.4005588755424,119.80897368383512,93.49599832911207,9.45931415488817
2022-08-01,CA,T-Mobile,3437053,147808,2.6617942998408557,71.10665285535342,3.2368345683533235,113.2973606029744,132.03218366161346,93.665530043088,9.739543045971374
2022-08-01,TX,Verizon,7150115,187094,2.2193725124053474,77.36771986098897,9.070374023735136,280.13587740400345,128.9096296375232,92.09444824409185,9.56734884146333
2022-08-01,TX,AT&T,12265295,141650,2.606092717438424,71.29733239443249,4.157438721013586,215.05345886277325,106.80265602641558,90.41100583488671,9.135409971630587
2022-08-01,TX,T-Mobile,8674829,164387,2.5610570037306672,66.09104469160287,3.7862902190535417,233.25226053227416,138.32403001463015,88.21348681960359,9.751974757964682
2022-08-01,NY,Verizon,10321322,178465,2.1008745101755,76.58672702343475,10.0,160.1253813077297,118.50414684682625,93.08600302931947,9.396795757581762
2022-08-01,NY,AT&T,12549691,144561,2.4487177789254,72.462901417939,5.431720890622065,264.12963600987644,125.19394596941342,95.73681603711735,9.6513543863224
2022-08-01,NY,T-Mobile,13303395,179269,2.4896292470812917,64.99366496004554,4.503856391356665,236.51562741801655,122.07732014036287,85.98584129839524,9.371184992158659
2022-08-01,FL,Verizon,5638133,177466,2.1987298875710715,72.1275394252662,7.881738476546593,280.81634170826163,119.43493875340792,95.5647053279593,9.534364540654275
2022-08-01,FL,AT&T,7409306,160605,2.313831068456964,71.830708018014,6.980394283692571,125.93008009822573,113.11634298807425,92.47436635340588,9.318250770183521
2022-08-01,FL,T-Mobile,7244625,164737,2.5079216242683313,66.15743810962591,4.149327257122946,138.26895254037453,115.68270303475259,90.02944122118922,9.352962916234471
2022-08-01,IL,Verizon,7698961,172785,2.134777037891604,78.10915772576108,10.0,156.18956515994014,119.9975665437748,92.74061166236177,9.401078103488738
2022-08-01,IL,AT&T,6765951,165706,2.1484171314580367,69.87696214602434,7.893239898234489,273.03816262998896,121.30869358547766,95.97981216390012,9.606798615166312
2022-08-01,IL,T-Mobile,12513638,170399,2.349265013343844,68.91331711604636,6.31526887107731,195.9087854914378,125.02641346078332,89.74744418693518,9.503818423663258
2022-08-01,WA,Verizon,4648143,166169,2.8463247601549533,84.72849621530476,3.5491596035687714,288.98818128540273,136.12497766939006,99.33292037942647,9.855202202617548
2022-08-01,WA,AT&T,2985512,174457,2.2587625158295204,67.36020397494906,6.153950853905916,246.99063162335386,101.80629744920778,97.30464782788691,9.281663344071273
2022-08-01,WA,T-Mobile,4670754,178692,2.1454656551094082,68.1287789793108,8.313460830511822,118.54875902482587,135.01721932663824,88.57638414256255,9.676348121016533
2022-08-01,MA,Verizon,2724896,174073,2.118665144293344,76.38989737779687,9.717217793357028,269.24920945240217,122.64986529813275,93.74110239268906,9.50133140396536
2022-08-01,MA,AT&T,2983494,153403,2.515267598454834,70.97755191355792,5.03744477581528,186.46758883753716,118.00076763825923,90.05389622347964,9.351856720333995
2022-08-01,MA,T-Mobile,1879257,190324,2.1405230936914457,66.471333345028,7.725129193327643,200.033845836827,135.02718963161703,91.63906538763499,9.78500242081111
2022-09-01,CA,Verizon,3170872,131161,2.7520523115331095,77.05158334179598,3.159396439858611,160.99910366053717,105.40505103973653,97.30397113169491,9.256704321327618
2022-09-01,CA,AT&T,2441483,133736,2.5484200995506527,75.45483611122846,5.359660983558548,291.70372163628525,100.92250049443894,92.47105243180619,9.03803322173068
2022-09-01,CA,T-Mobile,2300344,171637,2.1995760205176174,66.77756302928262,7.260215991167465,104.31798222853507,136.72167582252348,90.99536409512883,9.796518809011507
2022-09-01,TX,Verizon,10188590,163201,2.4939781971390533,74.44719158086168,5.165585342445126,279.0258962985582,99.52445570979205,97.8407100233668,9.181238499088227
2022-09-01,TX,AT&T,6831987,171253,2.157345879202285,71.32270600692479,8.077997276613145,212.78144416120023,106.6092358970399,96.13085132748964,9.30288319769624
2022-09-01,TX,T-Mobile,12684758,194179,1.9909435594784373,65.11985144578513,9.488063011306426,124.37005005168459,148.46704565327917,86.26471683066227,9.9060839035276
2022-09-01,NY,Verizon,5505000,168608,2.486990662118746,73.52982644764026,5.223942920174942,252.19753130652182,115.6417777205477,96.12115748165648,9.461172014384246
2022-09-01,NY,AT&T,5449254,143485,2.360526122319718,68.09865371263122,5.694499610651153,269.6458265105698,111.3912340458236,93.19969908677912,9.342829116393533
2022-09-01,NY,T-Mobile,3838367,194844,2.1355121834187054,64.00395832238355,7.3742373327133945,108.4861474497289,148.83137963786422,90.71432497576264,10.0
2022-09-01,FL,Verizon,8151337,166648,2.354971437002514,73.68559525581762,6.526530975150793,108.76940374219264,119.97054588667405,96.60873705987588,9.560817076971581
2022-09-01,FL,AT&T,9151271,180470,2.100206668076037,69.75000339812696,8.46545668413657,242.65060625025416,122.70433355664773,94.82477314728455,9.601329831570222
2022-09-01,FL,T-Mobile,8947340,180560,2.07768003650781,63.58703056920799,7.581283167775344,299.42988795163336,121.00976886275238,93.59322580988152,9.592121845859413
2022-09-01,IL,Verizon,2788985,176072,2.3619855770302554,73.81860943151553,6.836134032762,111.12130283735809,122.16068754053788,93.07732083238547,9.497347281467166
2022-09-01,IL,AT&T,3287776,157469,2.1173141317211064,67.7891222295649,7.851878311008144,247.252553555528,110.24218367019117,95.32804817693771,9.386793896416306
2022-09-01,IL,T-Mobile,2651169,171840,2.28110576979496,61.530847431148224,5.372438591524208,206.84381959337065,137.84469517524056,91.2267319675584,9.87838738822008
2022-09-01,WA,Verizon,9327525,173266,2.306265966239957,77.21513632654879,7.991884045487694,123.76747778009822,122.16091846115955,93.88483557422494,9.48761207318445
2022-09-01,WA,AT&T,12123927,159187,2.393965404939386,65.0636864852146,4.9808111897676675,250.23835791146286,105.60954321696866,90.9227205788139,9.189235616851644
2022-09-01,WA,T-Mobile,7918676,159053,2.2266764119238918,65.24513577878066,6.579180732578945,105.64621058981362,123.24366069567961,92.03082303938271,9.573346547307267
2022-09-01,MA,Verizon,14478385,147039,2.5731358801775057,72.81000998525977,4.464985926652379,201.5076650184151,128.20977561824915,93.65657268624517,9.645792593099742
2022-09-01,MA,AT&T,12696754,149408,2.389678397270027,71.68815958024624,6.144751031229785,275.28169771589637,109.82258165485622,92.96096912119187,9.268399110930417
2022-09-01,MA,T-Mobile,11571291,169190,2.462143618163411,69.53085995381943,5.5074197147824,188.67913316668816,118.23312578444947,87.77316094347378,9.30254874445501
2022-10-01,CA,Verizon,8325209,189352,2.319978935602204,74.63865901391651,7.155997487468934,108.17479549712664,130.27924280827645,95.71944959292328,9.730781753814062
2022-10-01,CA,AT&T,8913709,171014,2.3678308084262536,77.22295547757051,7.533565697993134,277.9110229004013,96.95594138606593,92.32717313258433,8.936704466923143
2022-10-01,CA,T-Mobile,8927501,177323,2.0697493844986736,67.95269065253314,8.77950102578918,299.6041029641046,126.56857213170213,91.13543259730712,9.585907514027927
2022-10-01,TX,Verizon,3232761,145468,2.707154314610512,75.4205378173028,3.7369607018027247,205.9691606678937,123.50848976307051,92.75603715552715,9.498645531754198
2022-10-01,TX,AT&T,3470197,149220,2.496889582508461,68.12618530350174,4.370242907529141,101.22803253293955,123.53448952699478,92.86098328086597,9.575257435930856
2022-10-01,TX,T-Mobile,3041945,170420,2.4028062575182494,69.8128539443711,6.225412623475782,254.52627770882833,127.47180684672159,87.0909559021594,9.464036274555502
2022-10-01,NY,Verizon,8758474,168259,2.265878965087166,72.3862575775597,7.479245933488166,199.10780257084025,119.05173010953001,93.39215931152116,9.458936805760638
2022-10-01,NY,AT&T,11931461,154425,2.147044885278201,66.95880053930452,7.652323664018587,244.87254131264368,102.242140106874,92.68987591060305,9.155951074062527
2022-10-01,NY,T-Mobile,13380249,200653,2.069218354983004,63.19885582846299,7.485780659082348,198.01813824287228,146.54668315866707,94.61806956780208,10.0
2022-10-01,FL,Verizon,6761461,169372,2.219037341882931,74.12221575027716,8.189868111283857,140.8963900501159,120.7152204427778,94.44201619942268,9.506342737335464
2022-10-01,FL,AT&T,11345156,160109,2.4970231167865298,69.86611713080067,4.568911160482945,221.17059367677916,119.16724864315837,94.34081097811891,9.514908130898727
2022-10-01,FL,T-Mobile,7694634,141667,2.521963411286005,66.65384999832676,3.9997221575200865,237.2472056231636,104.17940829236531,91.11413729285216,9.150473784649602
2022-10-01,IL,Verizon,2724689,163075,2.467974172821523,71.94708224449866,5.603297156954916,261.37360868456835,128.64157258467807,91.06377563729583,9.58527389836745
2022-10-01,IL,AT&T,2976969,185282,2.2277391095246895,74.33469527247814,8.209182197806157,174.66583848500605,125.24741488639387,93.80365761442576,9.575711073435869
2022-10-01,IL,T-Mobile,4266902,157608,2.4039063018783664,61.320936843659325,3.9132565444068095,123.38134772303111,127.24060577503656,93.11867805541395,9.725163088726557
2022-10-01,WA,Verizon,3657172,166556,2.529976840518987,75.23987096029728,5.496449391674196,153.22956085288175,122.16068092253552,92.51756395195393,9.466341827406355
2022-10-01,WA,AT&T,2657438,116908,2.953973346433543,74.89461223289106,1.140177089848132,191.49160832670924,95.89032344147051,92.99011892394651,8.958563914218896
2022-10-01,WA,T-Mobile,2843648,161567,2.3449301309583035,65.56729863923313,5.860674831345687,134.50098939697858,136.5312461504803,88.034835869179,9.715997012692645
2022-10-01,MA,Verizon,5728207,141984,2.734418644798121,76.88420399079591,3.4661850758835686,174.7394339472446,102.06875215664074,95.66469274294401,9.142473785513175
2022-10-01,MA,AT&T,4052927,135048,2.373192070705916,70.31345962481706,6.092170027080929,183.52104946047936,95.22227892246683,92.3860119082332,8.97289133944816
2022-10-01,MA,T-Mobile,3176480,184578,2.071870645033606,63.932543493985364,7.750989766523443,285.38812462402177,148.48938618561857,93.16812481937566,10.0
2022-11-01,CA,Verizon,3530537,199827,2.2433186656122515,72.12837115618743,7.551108434180133,279.7166360815509,134.995023691642,94.41379140934838,9.811030504551418
2022-11-01,CA,AT&T,3918574,138800,2.2649405327203547,66.46756425197657,6.095035930188355,147.6371411199124,89.87503148294648,95.49071593003416,8.997546465040188
2022-11-01,CA,T-Mobile,5055410,150697,2.5515546361453705,62.81734426654312,3.3807648162919177,226.52872726083928,133.14225030675988,86.67157675563003,9.634818866138668
2022-11-01,TX,Verizon,3107304,159773,2.61252528810909,75.56553464598998,4.195170558511749,202.1772016449328,115.18135684515276,97.92683489595345,9.485776837321758
2022-11-01,TX,AT&T,3221060,173424,2.4412866315716997,68.24883806293172,4.528292848175279,154.66386399142834,119.12749779913847,97.08608448694063,9.612644109961671
2022-11-01,TX,T-Mobile,4552308,139524,2.319709406224968,59.15486447980355,4.522569468915227,127.78549598257257,107.06302749772443,91.11309364795805,9.283104714595195
2022-11-01,NY,Verizon,7969267,140822,2.454460114649842,78.37703979637038,6.587494703347998,123.08672799670184,111.35638497574249,95.43312109427659,9.306350934379445
2022-11-01,NY,AT&T,8882551,140408,2.55975430998593,70.95447798222966,4.1027561975820666,241.95345678831072,103.00064790733508,94.90596299004558,9.197647068025772
2022-11-01,NY,T-Mobile,5824179,190360,2.2633921296708586,69.77364587264688,7.085549347825124,112.62984038137269,134.0719991580648,92.3525852999567,9.754281083433527
2022-11-01,FL,Verizon,11754054,172509,2.5963674473920646,76.95550119650716,5.49621449833514,207.3241805709917,132.67898795170885,89.31211267045646,9.5633881271828
2022-11-01,FL,AT&T,9687547,183861,2.2068750540936146,70.83178088309849,7.976098629226684,200.42561915712497,111.00675503098934,91.21507006456868,9.248269393725861
2022-11-01,FL,T-Mobile,9816962,181223,2.319924822090588,68.97147383816272,6.7274892883205375,273.71512640749074,121.39997524877698,88.67557258406127,9.398551944115752
2022-11-01,IL,Verizon,8582979,187662,2.210531544074251,69.44851844378971,7.184663787186831,138.28905834185434,120.20248266364321,95.997244608286,9.589481807083548
2022-11-01,IL,AT&T,9767717,166468,2.3239819386829064,73.96310207715544,7.374159193277883,178.42213382707146,111.88558803421537,91.78641835324142,9.251673290509995
2022-11-01,IL,T-Mobile,6375223,168424,2.2666714342841123,63.59138042488609,5.998128126282028,129.98332562868993,110.76562759208079,90.53433615854063,9.295428832348973
2022-11-01,WA,Verizon,8020573,165444,2.5126230542687193,77.95351141672029,6.0301593454587925,269.86675092291546,110.5809047213471,94.34312395198071,9.26237669881916
2022-11-01,WA,AT&T,8437155,179798,2.2880928895565806,70.88938492389894,7.183983641836984,241.96121778079802,104.8475427829278,91.12964447376996,9.121946340632665
2022-11-01,WA,T-Mobile,7014981,143774,2.4261601665401082,63.798575782035925,4.763527150986357,233.86528255471478,114.29158979188111,87.34586340019749,9.268221940023187
2022-11-01,MA,Verizon,12836193,161369,2.7638214106356664,77.59309603916878,3.581162664569822,215.38904852879205,138.33114148398448,92.99242436907272,9.780464600360183
2022-11-01,MA,AT&T,13036132,161873,2.2663486734549476,69.99201343605203,7.163840378876624,217.5884476776529,105.49293440822741,91.71075573784306,9.16126122593932
2022-11-01,MA,T-Mobile,11782605,155678,2.4941652647796433,66.73763882730807,4.135926268825292,114.13175853487725,127.1870634733043,92.69948848839887,9.657349535844972
2022-12-01,CA,Verizon,3741490,192542,2.0222578277318557,73.33379880167298,9.95141020246015,230.39817077317096,119.25181579649414,94.92771280555893,9.49952971207992
2022-12-01,CA,AT&T,5805137,150260,2.5369241655480543,67.5622464572342,3.912158039502033,222.71186096230278,113.87887717079886,92.31049596464263,9.371269957782914
2022-12-01,CA,T-Mobile,3844216,163473,2.49616500222241,64.09021766699988,4.063900408900608,286.3078660315065,132.58401715534634,87.92493102275274,9.648526097119511
2022-12-01,TX,Verizon,9321509,170573,2.4665718389076265,76.64964711117484,6.057324957649518,196.2514663715108,115.53592833137162,96.0688607550918,9.426287918168438
2022-12-01,TX,AT&T,7305698,151104,2.411394565275521,74.91588867757264,6.92262955889656,206.28304808161087,102.06511256119646,89.46602523862755,8.976124121607029
2022-12-01,TX,T-Mobile,10468712,156029,2.175005390949452,62.220447210549146,6.563206074835915,100.4937005971992,119.24613787042266,91.30829457779392,9.501967122636781
2022-12-01,NY,Verizon,4492701,189668,2.335979695173006,73.21458239432224,6.8468320879543665,224.8039988228128,123.06019300737023,94.36287439180023,9.559944267958189
2022-12-01,NY,AT&T,6607495,182557,2.1550625849182463,64.47150443640251,7.037117404014042,144.29962906859726,114.48716411034849,93.06557634083998,9.436995528068145
2022-12-01,NY,T-Mobile,4532348,180669,2.109338701742588,65.50543584968143,7.793564861117876,217.39168703077468,109.77627632969913,92.1413529139253,9.304711755514928
2022-12-01,FL,Verizon,2616635,161009,2.6665965317900033,72.9189105226068,3.5555485608160926,268.6518961295485,122.5674726103953,93.62268225805234,9.530840814723408
2022-12-01,FL,AT&T,2477222,153694,2.6312422089910914,72.63792187812693,4.175348971867284,241.74646651297294,121.54866547080769,90.39813313847188,9.41653808478904
2022-12-01,FL,T-Mobile,2164925,175168,2.3352760308630893,68.76866403332407,6.28375608525699,164.70947165933018,128.52955439560108,91.1721641277693,9.61806937141186
2022-12-01,IL,Verizon,10594993,166585,2.4214442120335815,75.46930760207793,6.183892806719487,171.22364604341848,106.18921797281554,96.95526593360286,9.277749261443617
2022-12-01,IL,AT&T,13496472,155002,2.3787346742838302,73.60839535867898,6.599890734500359,283.17154836915813,111.87243022336138,93.34441594397137,9.301697129199578
2022-12-01,IL,T-Mobile,9161176,154543,2.4561586824325023,62.240705153473904,3.4953584087364837,190.3836150525325,132.39886686159144,93.91195797633273,9.842929024987072
2022-12-01,WA,Verizon,13178561,176162,2.0320129275673207,69.19089217520676,8.901151401638652,271.2592617597943,129.2398267912015,96.16897757729492,9.777956941390809
2022-12-01,WA,AT&T,12619379,150953,2.4536923820422443,72.35278470850727,5.735920627035521,104.56153213752461,116.69075254496364,91.97712494243493,9.369600952087247
2022-12-01,WA,T-Mobile,11033918,182931,2.3108565924105386,66.4297381896418,5.6763535436480455,241.85241875590003,131.4411636277968,95.01028170174926,9.814834341711995
2022-12-01,MA,Verizon,3341814,147976,2.4617260971587966,72.27497624487604,5.28696938396044,192.78649075493684,110.61558596229887,95.50764893426803,9.354791424825258
2022-12-01,MA,AT&T,3485080,151081,2.0823419199054545,66.51220813615637,8.329574649652333,272.9602737922135,102.96365630945205,91.49447778524397,9.138985378384797
2022-12-01,MA,T-Mobile,4014881,174525,2.168685378208331,65.19310054142387,7.2655186181328215,259.94298490557753,121.66018513739999,90.86247708068645,9.507147009754354
2023-01-01,CA,Verizon,1292733,137294,2.8867861472402647,75.43089250196459,1.8263029413681249,204.72011461184746,116.60786880930044,93.92014086622147,9.395452677153006
2023-01-01,CA,AT&T,2029234,168348,2.0975866460008605,74.02833089326901,9.541915106695491,140.11680601664807,119.59729660277267,92.87884611949708,9.438028006707674
2023-01-01,CA,T-Mobile,1721509,161656,2.498013644861205,65.4555426489247,4.627876946912642,244.5481535543243,130.72087504106622,84.83095134260246,9.504790614610151
2023-01-01,TX,Verizon,8952303,179985,2.3199816561457984,74.94104996339553,7.672000783112224,150.9154636427852,123.29886324119792,91.16392648108898,9.451484559622672
2023-01-01,TX,AT&T,5431856,143696,2.244661330702058,67.38840740247807,6.604145789544807,134.27287305909724,111.65209344638734,94.26922383930228,9.387234510082035
2023-01-01,TX,T-Mobile,7364749,154904,2.400791337901404,60.933750662925576,4.278505353597012,121.22097114308153,107.58610412745992,89.00331399974063,9.212483995912162
2023-01-01,NY,Verizon,7407849,179563,2.3337918700184472,75.18872919178435,7.315271329448825,106.85702711864076,111.96469038572909,93.84555808723577,9.302773258413811
2023-01-01,NY,AT&T,6813403,158463,2.2983065671417062,70.16423186361511,6.959217572355609,214.99097711057124,98.67392709478746,90.90563128950355,8.999005161944703
2023-01-01,NY,T-Mobile,9047591,185153,2.2974928719609053,68.95610406730471,7.019903333485375,234.55814189320603,124.78911037869084,87.96388760366517,9.445137795010725
2023-01-01,FL,Verizon,15226413,176302,2.224054476640497,74.62761487554688,8.257091555062374,198.10534740509465,121.10880502892837,94.2788665364203,9.504265947915709
2023-01-01,FL,AT&T,8656302,132229,2.5688214642704326,72.55604510472548,4.33953073266543,103.30454595730532,107.33034053816438,94.83463645575338,9.266085453388635
2023-01-01,FL,T-Mobile,10749369,203150,1.9708129147231257,57.289557354258946,8.054008823575312,220.78565687706197,145.60552959916953,86.95773500045217,9.947947068454365
2023-01-01,IL,Verizon,3248029,163132,2.6378633454602713,76.5421497577455,4.295141900514893,253.08088785084425,132.02134187082447,96.34654596431494,9.765401718768484
2023-01-01,IL,AT&T,3421609,157444,2.443181124093358,71.61254827484979,5.518807122439889,127.75792674720287,111.21654078280216,93.71891291596486,9.319772720386492
2023-01-01,IL,T-Mobile,6233236,173145,2.590353307348636,66.30336527114432,3.814298462249227,219.24159251317406,115.88645711674216,85.42841518493275,9.217547945171383
2023-01-01,WA,Verizon,9307582,157171,2.2626812238975242,73.92999752654423,7.849107315146604,209.12822531871302,114.85302588683763,93.10079951187,9.350784527827411
2023-01-01,WA,AT&T,5153334,159922,2.7615163640716673,70.88261505978882,2.587201179057103,281.2550479178707,124.98958462667531,89.7415819218399,9.483212999590815
2023-01-01,WA,T-Mobile,9167786,198795,2.062313054615273,65.91166327785747,8.55870535273218,193.5140723226594,139.65573558793184,90.00496756686586,9.834147105986037
2023-01-01,MA,Verizon,5427398,150878,2.923039302807714,75.57976583513859,1.3174678875546615,158.30194988911632,129.28744476577506,95.68092251395919,9.700378912382892
2023-01-01,MA,AT&T,7698732,157385,2.544230437225034,72.67603212070586,5.001382505760046,166.21073570373622,106.16796765162161,90.91519546130783,9.124054895664608
2023-01-01,MA,T-Mobile,10137635,181954,1.8479061370237075,60.39077146627934,10.0,229.85094509260182,132.2711049552423,85.99092923018793,9.621242261347692
2023-02-01,CA,Verizon,10088089,162212,2.5225379744578427,77.14593060016918,6.012532479830147,256.1629262170591,108.86776943522939,91.91273895625262,9.163278251390475
2023-02-01,CA,AT&T,5230801,201434,1.8813515843357238,66.92147107610961,10.0,278.0832948310076,111.55658297671741,95.70778371864685,9.433150460332659
2023-02-01,CA,T-Mobile,10259182,180610,2.3670277087537572,63.932967958255865,5.568592044542779,160.35151145004616,128.38572101967182,85.47724459570819,9.492702078682122
2023-02-01,TX,Verizon,2887182,192963,2.299076025620434,77.33487487577543,8.21393773534983,165.88513733252944,128.47007736161814,92.62276983600908,9.57473589355488
2023-02-01,TX,AT&T,2669373,155042,2.3579038892987985,71.2611352872596,6.228489829676051,182.263399721434,99.22181634849127,94.4469833478788,9.105234474533594
2023-02-01,TX,T-Mobile,2901094,173722,2.2261617807706506,62.9560342138652,6.609291824682129,194.84398943278018,136.52001268807763,87.20297210384408,9.716929074738223
2023-02-01,NY,Verizon,8826427,159712,2.2304916799211294,74.40882015194944,8.031713037985956,252.32539455785897,105.3296604856128,95.45134193192638,9.226045266150553
2023-02-01,NY,AT&T,10521692,137690,2.6448250245466283,67.58379498980325,2.935556425519377,266.0954057373249,98.43559726368584,91.3295232697499,9.032759693468183
2023-02-01,NY,T-Mobile,5482282,201884,2.078746137385827,64.76263333284648,8.232861497564414,211.6216882433048,137.75897548991466,89.32203795146613,9.787214315013813
2023-02-01,FL,Verizon,3812687,148836,2.342800039881289,76.27209410439912,7.263656235539421,201.37681322885,123.69316300212283,95.62762186527507,9.579970974956717
2023-02-01,FL,AT&T,3068825,158453,2.1229495603263193,70.655852520643,8.520344649079853,262.72476462764826,97.66378481312898,93.81330251785553,9.061116246591816
2023-02-01,FL,T-Mobile,3147525,167030,2.4221382457773704,69.47545620014085,5.518159429734482,130.73989675100518,134.339648924247,91.55549352519985,9.738703222239527
2023-02-01,IL,Verizon,5610513,173878,2.0590432514406514,74.60625301661753,9.938680673639187,198.57086778098738,125.51936339883072,93.92137415277804,9.58196596239378
2023-02-01,IL,AT&T,4824585,183443,2.319817903475738,69.7112573621649,6.148597925549429,114.95156934435606,126.72989702844953,95.95474512126172,9.716127720585193
2023-02-01,IL,T-Mobile,4774189,156851,2.377105595899992,63.701958504492126,5.213527280665666,217.72151713877108,119.03374955852682,87.55808461232847,9.370397944495469
2023-02-01,WA,Verizon,2146346,167639,2.3925986305432523,74.97122357224087,6.650582275721369,100.1929923687128,119.51642691674793,94.17676133294285,9.465919142600836
2023-02-01,WA,AT&T,1642097,181331,2.2811263332161333,68.90127677179804,6.845091298610091,155.47750043247862,118.73237567357614,91.23900723588184,9.422804962829998
2023-02-01,WA,T-Mobile,2401252,182132,2.176940098612432,65.44218592306497,7.244899478757018,151.81082983262314,122.76505790275073,90.74136719731653,9.52312031474386
2023-02-01,MA,Verizon,9715895,161517,2.5648631812449096,77.35123442566278,5.244261092077298,183.72072347679364,121.59835351908097,95.77353980606159,9.531660920306837
2023-02-01,MA,AT&T,11350042,163330,2.4402153725910756,70.62064758927038,5.321328311167878,156.35709932091174,127.72723101755885,94.00647480775444,9.668532388691105
2023-02-01,MA,T-Mobile,11226271,215046,1.8807735991636267,62.50735200843461,9.966545311841521,240.3551540975106,133.80301802444828,87.27189098209134,9.669143569867359
2023-03-01,CA,Verizon,9214990,171053,2.3119657502965105,68.72675872623938,6.25124462131008,106.98696178363187,133.022978319764,93.7444962097269,9.785526865424693
2023-03-01,CA,AT&T,7572507,132145,2.7362296439585103,66.94641117546026,1.9195410018292094,272.83767251096714,103.53433220088866,91.07444793677737,9.13345597036649
2023-03-01,CA,T-Mobile,11482734,177300,2.1287233479778114,66.03616154267235,7.319009658711778,241.67779362187378,133.82720210464714,96.00989170044575,9.896479177679591
2023-03-01,TX,Verizon,6416158,152885,2.6537625201211936,77.71460252767426,4.685841124619028,232.79737237340314,120.94441819517239,93.19454179703885,9.437578592537871
2023-03-01,TX,AT&T,3917344,142077,2.626340384751871,67.22211609845594,3.206819549744296,286.68836595198127,95.8438595640799,89.74199822428179,8.936915977025492
2023-03-01,TX,T-Mobile,4015165,168211,2.5115192263898662,62.0291981445906,3.7717535086926492,111.83121910745587,133.0183599049436,85.18893856326805,9.595743373551008
2023-03-01,NY,Verizon,10783238,172742,2.5122310084349233,76.84934909241711,5.776880645736139,285.24641387016294,108.83860307175871,94.7067908839805,9.249482297030418
2023-03-01,NY,AT&T,11258687,165867,2.447448934383541,71.59964426093228,5.097271653489757,286.632702309976,133.14417959154153,97.4816785486129,9.871337505679895
2023-03-01,NY,T-Mobile,13400677,192979,1.941772658835366,66.30512820480341,9.63857080186861,118.1097620583136,139.0557039560181,92.0472825073841,9.879481272293852
2023-03-01,FL,Verizon,9011252,138783,2.602353376919904,78.68680147805102,5.044978124389971,217.1768260104218,110.24915926801494,96.68848402021192,9.318769691186144
2023-03-01,FL,AT&T,9403281,158821,2.4177982173867596,68.37433508379469,5.3389342798246515,108.89491968216069,109.39274094561166,91.57950563066689,9.251496636994293
2023-03-01,FL,T-Mobile,7093841,192467,1.9151087634416726,66.25971426083278,10.0,263.16783423553875,129.0820600539702,91.00855217749827,9.649300623796023
2023-03-01,IL,Verizon,3160244,143392,2.6754964205818346,75.14654517962846,3.683996386955536,210.43714783412963,103.16272306688666,95.90348443151814,9.18889354248699
2023-03-01,IL,AT&T,3486670,134273,2.477579254611726,68.04971873407403,4.793124331022785,112.53912777727682,111.59770136111881,90.41026869674761,9.263764900784064
2023-03-01,IL,T-Mobile,4081891,173939,1.9860979989098175,61.40491535900271,8.034295348758626,205.74820230795586,117.97996660794308,93.85707733943737,9.561262498751955
2023-03-01,WA,Verizon,6942890,160297,2.4912931520040664,75.51582420952201,5.516571758388207,195.0436684744858,120.3694645013926,96.73661563475527,9.55432951697529
2023-03-01,WA,AT&T,7305773,170187,2.2705667816654675,69.43303293238085,6.613048086642389,290.2827828714542,110.72313840058487,95.67890683179105,9.390499643641622
2023-03-01,WA,T-Mobile,9826130,177245,2.396415902021682,63.68827762797639,4.692957500043672,144.5893409867042,128.6985127463991,90.80539005334788,9.661249180248655
2023-03-01,MA,Verizon,14950437,122010,2.706966788353138,70.8171006809949,2.6024613870833755,260.9957209469087,110.34603840818299,94.91290865584224,9.34613702102898
2023-03-01,MA,AT&T,13863817,167580,2.511555386590106,72.69491654157069,4.963728461489943,266.3072573018707,113.45086186015082,94.59700980923134,9.379978366064249
2023-03-01,MA,T-Mobile,8534968,154978,2.5685336174678164,69.13093137664647,4.394361654166014,185.43120822993487,133.88274254926435,87.46488446485117,9.61029207116436
2023-04-01,CA,Verizon,5614434,178206,2.19987289218616,74.30220228469354,8.172269553491981,164.50123779756396,128.02502124658022,96.89441981585126,9.724310996560208
2023-04-01,CA,AT&T,5067792,154299,2.2911733413848556,68.75074209240563,6.678872352081724,198.89266530023787,108.93882601770775,91.59542652550847,9.239131895195353
2023-04-01,CA,T-Mobile,7186760,221864,2.233579360315976,65.83103360898207,7.616212559915006,141.60076208506024,145.44183453956524,82.14200558721647,9.714786522317977
2023-04-01,TX,Verizon,13103560,169075,2.442497061743664,75.21599266707038,6.0635366628181515,217.5424392911833,124.49330032856544,95.5469125315929,9.604113455848392
2023-04-01,TX,AT&T,8674845,144618,2.2269295959886044,67.7338855348252,7.00189505357585,294.2399135832178,100.43475327868055,92.75586093503148,9.114032038276303
2023-04-01,TX,T-Mobile,13030040,196478,2.144087582478963,60.914259414523,7.3421233168875375,160.0337597343348,136.78423881136294,83.99852741227433,9.64649800445026
2023-04-01,NY,Verizon,12354950,160348,2.3230125852522545,77.16775443309962,7.336310239620814,137.04766062421083,113.60454239652816,98.67114794476565,9.460547741942536
2023-04-01,NY,AT&T,8065089,165027,2.037462167221788,62.69938218064023,8.186138519833595,171.51542019156255,89.62679772743935,89.79116244076567,8.859277005965355
2023-04-01,NY,T-Mobile,8050222,192602,2.3403455051779805,68.12701320470792,6.071599835579277,130.51489173472197,141.76672705704183,91.50347753582504,9.899168735168509
2023-04-01,FL,Verizon,3752439,154641,2.6018887801048667,77.76004141662675,4.954211675413349,113.36944396353522,116.77938603521667,95.78908806863335,9.431659948597067
2023-04-01,FL,AT&T,3671020,154223,2.3188177339417346,73.496660351479,7.4047714487092176,117.41294066259343,107.18539920111705,91.06383282169234,9.140656365158321
2023-04-01,FL,T-Mobile,5757831,168592,2.746615066227032,63.91835292148394,1.5673020879481205,220.92495444045073,137.89907746853893,87.50217834078346,9.743863370379444
2023-04-01,IL,Verizon,13832865,163833,2.7726559472221344,76.69881212417606,3.357532524672617,285.9394997330891,129.865140038042,92.5567042794125,9.607015807901453
2023-04-01,IL,AT&T,7638154,178404,2.1971005952206406,68.84220062045331,7.426596353241264,254.94443306291546,112.46170430362571,93.70837818642991,9.372063425460878
2023-04-01,IL,T-Mobile,10986007,197995,2.3650839302357975,66.88842949134343,5.883155378960277,189.94690021399478,142.7094119357733,88.43691216950431,9.83841130888716
2023-04-01,WA,Verizon,6481125,169068,2.386681989760154,72.9689618440877,5.890753332550253,253.2272592028305,129.87014836063776,98.3621913866574,9.8185790903716
2023-04-01,WA,AT&T,5393727,177304,2.0637285240283845,69.0200555225748,8.675826185152781,158.84871521685497,112.47078134855911,94.90899679078333,9.406484975468935
2023-04-01,WA,T-Mobile,7348326,158460,2.66286205896647,66.31522815661778,2.210281494990479,279.93852405552127,149.35035735433553,94.2414354666838,10.0
2023-04-01,MA,Verizon,7907471,161636,2.5852147155176066,76.42559682829649,4.783678551706004,207.8818922559973,127.58052400031309,96.49293658777223,9.682142609356465
2023-04-01,MA,AT&T,9111576,146742,2.4112854822319925,72.09858401329086,6.284460968413736,253.36606840147869,86.70130056938495,90.22401011924518,8.719760474832146
2023-04-01,MA,T-Mobile,5245675,216348,1.9578291556309058,60.772220760213074,8.631586825439202,174.28027291999993,141.8148006558399,89.44565770294356,9.911943536602974
2023-05-01,CA,Verizon,3525062,188750,2.2939643381703907,77.81116940278383,8.048811798536786,194.2255769993909,114.56296431840265,95.73778700316072,9.385281202435035
2023-05-01,CA,AT&T,4151182,151363,2.4788762309117454,71.06086010640863,4.99189835537112,139.00539700437523,116.61861718391056,94.31511356793153,9.45121714965207
2023-05-01,CA,T-Mobile,4496739,154410,2.3969094624964646,63.99947051237486,4.76708508373751,274.38032970329425,121.75846606500383,90.63714393772815,9.514288934308171
2023-05-01,TX,Verizon,5816694,188846,2.379329591205494,69.3831859589315,5.375119716426445,119.54059353662964,139.11698938860533,97.08221563304913,10.0
2023-05-01,TX,AT&T,5129979,150194,2.580020217700342,71.07916877543073,4.408251828332665,240.05688641385947,112.73935736931338,90.0737974975006,9.246209384556979
2023-05-01,TX,T-Mobile,5294947,173028,2.507188649509176,68.36124869504376,4.511507877720456,259.3316747699675,135.32596487614066,90.88855366196539,9.749563420431338
2023-05-01,NY,Verizon,6509008,144096,2.5237203024533175,74.50522926325725,5.045652062707295,172.47032374189357,119.50053778654187,96.18190765410978,9.53041569272156
2023-05-01,NY,AT&T,8069911,136832,2.5334883570319437,67.86143166326825,3.8015857573760825,115.9514083442057,106.57701071074852,94.35817004958129,9.283670999069727
2023-05-01,NY,T-Mobile,5524517,204068,2.0832260785166574,68.02440168850269,8.903268558661631,134.43459376579372,132.8643393832609,88.69350993872332,9.63784806894189
2023-05-01,FL,Verizon,14593437,159021,2.6270999969301756,79.29125249520675,4.729477230882782,290.57752257697194,112.50333049054086,98.57773298856813,9.414486074515795
2023-05-01,FL,AT&T,10445652,145468,2.4912850333623133,72.2741971185219,4.859206520806514,232.59917927978015,92.04671776948774,96.82782569274731,9.023027154986956
2023-05-01,FL,T-Mobile,11894733,173921,2.3865792274839883,64.6604880551298,5.098663644863985,228.92840132126983,138.66717995209552,89.67641691322093,9.81703122588724
2023-05-01,IL,Verizon,2363079,154465,2.408989972829768,74.89240365939648,6.050329832718455,156.89223173116358,124.28641434101475,98.38251170863161,9.688279601485279
2023-05-01,IL,AT&T,2316308,170412,2.056672519171772,73.60107127626301,10.0,299.05604826279097,107.08056698059038,91.53489063534886,9.151647345909645
2023-05-01,IL,T-Mobile,2438778,170090,2.269656476772301,60.32801001127488,5.864467975675406,252.2528562449975,136.05942871178144,85.04569258856561,9.66927925177985
2023-05-01,WA,Verizon,4199687,179747,2.1072303624885675,76.01056024834182,9.494666921080992,116.10327053170664,116.58820902175177,96.35141503701696,9.462201029062125
2023-05-01,WA,AT&T,5825832,161913,2.1691838518956796,69.3535066676167,7.973983364933065,291.27634896677716,106.71609162472825,92.04879449633479,9.202250600708442
2023-05-01,WA,T-Mobile,5201618,184151,2.1871749170546715,60.35489508969589,6.557464854398361,271.49751144474703,137.06689907122387,86.41764992994102,9.730318528425748
2023-05-01,MA,Verizon,2123418,184778,2.449767915922059,75.70251615416839,5.969907022829425,221.77065004444046,128.21415070546627,96.72917048783661,9.70913296720274
2023-05-01,MA,AT&T,1631983,160972,2.3716567457101343,66.38647686617131,5.46557346126016,188.41541468777956,103.46606738946632,90.95154454872764,9.134002915589443
2023-05-01,MA,T-Mobile,2232407,150956,2.4278950522940552,64.05424891063144,4.164523836708825,217.97649018340616,112.9487035306812,93.67375422476913,9.428644208250383
2023-06-01,CA,Verizon,3724533,166364,2.537164498133456,77.44318508843656,4.997652933598343,239.6150737463173,147.22310932581627,101.19339102754411,10.0
2023-06-01,CA,AT&T,4322613,164891,2.4065499937932344,71.06323678513259,5.879828865240439,110.75502558974316,122.22345256467975,92.67318553853738,9.51403224959839
2023-06-01,CA,T-Mobile,3967219,157468,2.5937050105911483,66.07665684551326,3.506338959713434,186.63164386943947,134.96346411070493,87.71942303477731,9.670085404802284
2023-06-01,TX,Verizon,4335967,148279,2.8376567874313037,73.57972398084983,1.8161166548460344,273.75187734555357,117.57330925096154,95.23260267010893,9.472647025314
2023-06-01,TX,AT&T,4017533,147687,2.4239095734944893,67.502774578277,4.622223802999147,186.00471746900195,117.94468619479905,96.3923537771136,9.575636591426619
2023-06-01,TX,T-Mobile,3737497,185415,2.3169374805847376,60.69472272739419,5.073744092585029,201.68253990546904,139.62511051971157,88.95825647046433,9.85430267723422
2023-06-01,NY,Verizon,6902456,132094,2.7802546269327193,73.22009132663322,2.0807085456984216,282.1428285316116,126.40439881884947,97.6076345030103,9.724116098200966
2023-06-01,NY,AT&T,6951918,160653,2.327581892460885,67.30375036225568,5.728401138572359,189.19222319523664,110.30867374544816,94.56530009269927,9.370094974067385
2023-06-01,NY,T-Mobile,9717585,162011,2.5696217574806264,69.15917036395311,4.701177953341284,150.59057026671414,130.04391097403527,84.34438544643075,9.439618079234096
2023-06-01,FL,Verizon,8180872,168310,2.361272382385835,76.02967715615101,6.894208091448673,177.44591592459386,109.15529376421216,96.99003515923178,9.332510158499685
2023-06-01,FL,AT&T,10907945,156599,2.1498537460926563,67.78895237264422,7.966952881125125,107.06045090281393,110.43643636879588,90.92300132477155,9.258529243392623
2023-06-01,FL,T-Mobile,5587955,169038,2.5231422593823565,70.79919567713237,4.350962893065853,140.97744573835507,135.19436623191737,95.77453648537056,9.869131462428141
2023-06-01,IL,Verizon,1948558,158192,2.658197250010505,82.26931839184066,5.4090385309467806,178.9045189072524,129.0876148011443,94.628526473163,9.59791490629937
2023-06-01,IL,AT&T,3317038,142175,2.5907016969097123,71.20065517251602,4.110941084601398,126.28107436109275,114.28254397516864,92.22172980804687,9.340296222019619
2023-06-01,IL,T-Mobile,2924060,172475,2.3256043990750546,65.15998389754832,5.957471895975706,273.71782831220037,133.28534753913948,88.18480892783408,9.659651379642328
2023-06-01,WA,Verizon,2560578,158142,2.2927790070576535,73.2200042866678,7.221493743688471,198.335458581692,116.76612672956895,94.9471704306856,9.451537604645269
2023-06-01,WA,AT&T,2998305,142780,2.4049424332224536,72.61400555274615,6.076738594135031,280.5385955844919,95.12150621768534,93.96638184189662,8.995281524083145
2023-06-01,WA,T-Mobile,2771180,164382,2.2766697718150817,65.07385458222625,6.326183964937598,238.72004456934874,131.62638959760164,89.2188923335683,9.65835601613682
2023-06-01,MA,Verizon,14076706,166259,2.331498961874136,71.46015578805729,6.51767281213685,190.62508138072099,129.50624545170166,94.59368726733244,9.713333969173434
2023-06-01,MA,AT&T,12909912,168345,2.6810282496706224,72.92999948567986,3.4369331050529635,270.41900360940906,124.22258508576327,93.38784295376787,9.556786995471503
2023-06-01,MA,T-Mobile,8747948,187112,2.327803976867254,64.74331447479842,5.840716043588429,229.6221175581944,133.64711773208487,88.29907082698716,9.674481334703328
2023-07-01,CA,Verizon,10251046,161362,2.4522367213727234,72.99188372506424,5.825445123333358,242.9693550420341,131.9934022229037,92.50564407952258,9.68511852959311
2023-07-01,CA,AT&T,11713868,152324,2.528079875399837,69.16555021837235,4.393008732808836,123.753482588124,103.65557410568191,91.59302556867263,9.129246746990095
2023-07-01,CA,T-Mobile,9807731,181060,2.479236633028199,63.83913936312667,4.4061769525765255,138.74770229300975,140.12308847390477,85.69284589766819,9.734855752776875
2023-07-01,TX,Verizon,3380970,168822,2.3477397175051657,72.34792470546174,6.425665214250694,243.20272818656872,114.30367196457513,95.66522551789996,9.432550957773882
2023-07-01,TX,AT&T,2834127,149781,2.3953668797556658,73.6259743251293,6.488015259299039,102.1790946050686,114.2935071366127,92.83510808170169,9.33466364193201
2023-07-01,TX,T-Mobile,3956486,201482,1.994479418024889,63.656631144909504,8.727650347200754,249.04369543923116,128.47622502728822,90.58881701532259,9.650622699556347
2023-07-01,NY,Verizon,10815246,151597,2.6903894247909483,79.75115263691862,4.36295038869987,147.09002912538864,120.2921101571074,96.83385890774368,9.513346444005272
2023-07-01,NY,AT&T,14224350,151991,2.4412547414322967,74.26778559336994,6.237188846113748,212.64701377503596,97.81851587930727,92.03820858237275,8.974838719123628
2023-07-01,NY,T-Mobile,12193640,187308,2.221360554698016,63.2781961007774,6.018580136613389,280.9539602843903,143.4265324501148,94.23453536561928,10.0
2023-07-01,FL,Verizon,1702262,166241,2.3936966037916743,70.64874527630369,5.766258163677737,159.850561121786,130.7696111922006,94.26524853666254,9.73686222718085
2023-07-01,FL,AT&T,2851470,189239,1.8883454753272915,67.28804749028896,10.0,259.46581714778716,120.26006248605518,95.74154744784876,9.604567198253678
2023-07-01,FL,T-Mobile,1547439,142170,2.5533740729455126,66.5834003493526,3.568125498981586,297.2353774445693,119.85288595405744,92.14813841433805,9.495667868017765
2023-07-01,IL,Verizon,8204085,154143,2.286484360902362,76.64995712729637,7.784863660328697,199.36321610799695,120.98796787479667,96.8028415610696,9.557345033055057
2023-07-01,IL,AT&T,9804789,156847,2.5572628828739146,71.27679042908538,4.371866625331148,238.3406835750692,115.80437191033795,93.10862631746785,9.396578323439941
2023-07-01,IL,T-Mobile,7028791,168754,2.354523149396221,64.68446174962273,4.9271059220725695,163.65526306869717,118.71750988788217,94.64554933889762,9.566872060428345
2023-07-01,WA,Verizon,6834661,135987,2.735588816551455,82.39365816066591,4.367953856107594,118.97783504785022,111.50860353487008,97.54889610511042,9.332702372244054
2023-07-01,WA,AT&T,4112219,147718,2.438377018102787,69.26771331352438,5.159471937682342,193.47174544543617,97.93784316825983,93.10300543994664,9.059169893428352
2023-07-01,WA,T-Mobile,7419602,145803,2.8693556744409126,69.76834080831412,0.9439908219590194,277.41395258314697,115.61057136550059,93.1612059529468,9.409364197815274
2023-07-01,MA,Verizon,13533189,168936,2.643194067096922,76.01215044417171,4.556396575155299,236.44912620988364,120.80295051368688,92.14092842709823,9.420165358644969
2023-07-01,MA,AT&T,8426865,142116,2.2479229754394567,65.19664783694296,5.888356774888587,181.567861335022,100.22796559748177,96.71743038105433,9.254115745011836
2023-07-01,MA,T-Mobile,11031075,184197,2.1755475084051366,63.863231319390536,7.073874185673859,138.2249949952859,121.03386731003799,89.43296994152884,9.465034131252718
2023-08-01,CA,Verizon,5855339,152465,2.4319473316443725,74.54314013463666,5.6666499037866185,129.61969996024104,114.77956440873984,99.22504806696989,9.526911328837528
2023-08-01,CA,AT&T,4133498,182809,2.2692726758350297,64.55682854085825,6.03307472002309,119.83682937483657,135.16791846711013,91.85564229798261,9.813459352873098
2023-08-01,CA,T-Mobile,3999615,156971,2.3811414959170323,64.54713355139332,5.12841618798943,198.55658690392406,127.8552175085608,89.6959556311891,9.602511683592954
2023-08-01,TX,Verizon,3302080,153500,2.329073949460437,80.2209718872514,8.453292263438236,255.00501112589868,107.82328622393516,93.00162619407668,9.144304791428489
2023-08-01,TX,AT&T,3260648,196662,2.1952299320119453,74.66786117220043,8.467101394738137,125.51370944308627,130.18096732835488,95.14171519582496,9.711192190719842
2023-08-01,TX,T-Mobile,5245365,189782,1.9049369387311823,65.46977451615938,9.949973647081837,273.5845817170228,139.42230017567834,90.94611868838217,9.862131819003439
2023-08-01,NY,Verizon,8017180,156324,2.7922718262138804,77.95485030901756,3.503415161716257,132.61000400174123,122.57955851353539,91.64836637948453,9.421493658565069
2023-08-01,NY,AT&T,7823677,167857,2.1553204917547957,66.66051879327732,7.32310418281722,154.48964383548307,101.74801867846672,94.55794658290287,9.205093583123647
2023-08-01,NY,T-Mobile,11218235,180145,2.1949400112078274,66.3664731446136,7.624442622175793,273.4422205030729,115.46578638261822,86.9945189466865,9.255486564606823
2023-08-01,FL,Verizon,9137694,173012,2.8039718118628216,77.53813502666823,3.192603230509515,173.4774578303916,123.56022503586277,92.75305656195917,9.478414847309347
2023-08-01,FL,AT&T,9524038,145806,2.4866648620124794,69.32899217740625,4.602267639116013,112.41569680640721,99.26579057721082,93.96882176240443,9.111090542642287
2023-08-01,FL,T-Mobile,12338151,173946,2.411630820927059,65.41805362369678,4.733340156939527,243.4071843173368,137.87149049896536,92.33962358529239,9.87343798130111
2023-08-01,IL,Verizon,4575077,123820,2.5813558814479913,73.14747661529059,4.2093328496465965,282.96417871724145,113.00332731715038,96.06603658931607,9.410572877869585
2023-08-01,IL,AT&T,4158839,158935,2.280484123886711,69.38797554728828,6.691974165816044,248.90140732954393,111.13153069810237,93.80779704774501,9.342984769921514
2023-08-01,IL,T-Mobile,2536323,177728,2.3027069611491857,61.1283116798002,4.973191728590798,148.5559564284159,128.3251498563252,92.25400995877384,9.722840179091715
2023-08-01,WA,Verizon,1988380,166506,2.5046493042599014,71.35846741748239,4.755582460349597,249.52093357687565,110.98471852389713,94.69617980547865,9.346995090467479
2023-08-01,WA,AT&T,1906384,145129,2.6241353067674704,69.67762638318946,3.465897541971719,180.60179998638398,120.72388792327381,92.28274666991469,9.486183894731022
2023-08-01,WA,T-Mobile,1824296,172449,2.007042124425715,61.31938964660592,8.127994893155698,190.90000234408203,117.54619507314803,90.65461791908336,9.457368542569403
2023-08-01,MA,Verizon,10672656,132498,2.8482104084200923,75.40536445750776,2.1643346764039535,233.9610082476639,98.17898705799038,94.34634130896677,9.039916335853732
2023-08-01,MA,AT&T,7176043,135825,2.5032616927673303,74.06263277573525,5.232494038173981,272.966762915297,102.00277744589036,95.47415589299766,9.163653897950384
2023-08-01,MA,T-Mobile,11314203,192425,2.1085042029513943,63.133805495165134,7.644312865314326,267.9210901981033,126.0551399041757,88.97406204204762,9.558986604393292
2023-09-01,CA,Verizon,4314032,176095,2.3507162767495755,75.34495610513183,6.7670809379153765,180.67139434757502,120.69780702215219,97.94747515615234,9.598930834076295
2023-09-01,CA,AT&T,4981989,185459,2.0631661095205347,63.65570531064344,8.01763071008779,243.06940425749482,118.15853510078516,90.81849256835551,9.451168425959933
2023-09-01,CA,T-Mobile,5290752,151846,2.610417102429472,68.37167987051374,3.6840087266115513,160.85065668195242,114.78557907934515,88.86156223196477,9.27784164984071
2023-09-01,TX,Verizon,6536329,158247,2.568416589458354,72.90876326159791,4.489184919079057,252.29386578746335,116.96102114069971,94.08401838656981,9.43265334179511
2023-09-01,TX,AT&T,9863962,140942,2.4529726329553414,68.87988208211635,5.0478389924541425,124.01398217760591,103.58272984057373,91.98411094415712,9.142379104315024
2023-09-01,TX,T-Mobile,10664825,187486,2.1929746419827545,63.37052565843834,6.93775940673376,218.81413087033872,140.24385607307977,88.0659930512636,9.81315165641512
2023-09-01,NY,Verizon,5729837,187718,2.0519246737941836,73.90895618376632,10.0,159.70067810940978,112.02480970997458,92.62544498811425,9.280169982005257
2023-09-01,NY,AT&T,5409274,149582,2.314909861151348,74.83407937996179,7.068465695097897,220.45549609995402,107.61915435922309,97.49251569380984,9.328817764199139
2023-09-01,NY,T-Mobile,5418163,165628,2.5496168815749334,65.69000316296338,3.507570785624413,217.35545764463,120.91590486525043,91.34261031218932,9.501696375041055
2023-09-01,FL,Verizon,1962127,179717,2.306800814505681,70.17051645972143,6.447751356937804,130.64646404692223,119.66057757109091,95.18343789949672,9.547009523809505
2023-09-01,FL,AT&T,2194874,170274,2.3590668686446605,65.55866822493185,5.450706416934101,237.91945806554662,107.11022741733842,90.70358541605658,9.207725428579149
2023-09-01,FL,T-Mobile,2253292,201054,2.3161071515228544,65.03281922772777,5.7937663746895876,264.1244508566307,159.97198291719138,90.5172595562742,10.0
2023-09-01,IL,Verizon,4770162,138386,2.578707199133595,73.69550299374812,4.4741502955670995,294.0678825449702,109.99947424804188,94.77878311846573,9.306397948577327
2023-09-01,IL,AT&T,7663219,140400,2.5151118568849586,72.19490653467385,5.286241221817568,269.59709198564923,94.03948437604137,90.01621516267618,8.859327077054374
2023-09-01,IL,T-Mobile,6881838,174375,2.7968012319896207,65.7535330769143,1.2151758110943538,277.4965034136344,141.5315087644801,89.67518484392296,9.863350389838148
2023-09-01,WA,Verizon,13888471,139708,2.678986582094991,73.76281863398,3.448258000196152,190.4940100828685,119.66525189673094,95.14439905649942,9.510008823289802
2023-09-01,WA,AT&T,8283577,136704,2.4732227353065377,65.90126011180867,4.150615538952936,281.8447859099268,118.31793925295732,92.9740913034342,9.496568923044086
2023-09-01,WA,T-Mobile,8224866,175818,2.204424705071911,63.901640931873956,6.248875195813889,110.29334103519382,130.67539779069946,94.87205939841793,9.82065332844779
2023-09-01,MA,Verizon,4347463,130197,2.533044914027115,78.6714946640037,5.645380890256732,103.83200790120848,104.09748095755522,97.58468902272858,9.222775343192923
2023-09-01,MA,AT&T,5092271,148494,2.17409906091407,68.02162317035516,7.547649806709304,177.00613624656506,102.23766200517044,93.15684218221031,9.159242273866166
2023-09-01,MA,T-Mobile,5772335,185012,2.3707558497816743,67.0189856521985,5.887834027148944,164.04192205298637,141.03545067524573,88.08404605474007,9.793040538625132
2023-10-01,CA,Verizon,4138243,148307,2.6232768900171117,76.56116400786382,4.399918639039825,224.48874925216546,118.84220388568855,96.79545262361823,9.51509601634368
2023-10-01,CA,AT&T,5318973,162284,2.240079848575029,71.4526634770571,7.556369751087656,186.45878686485736,127.72805465920266,93.33364458573472,9.640043795985523
2023-10-01,CA,T-Mobile,2883641,198695,2.1842459862461965,69.40596924128297,7.926340435720417,204.90800454079215,151.26747862111256,91.12393550074214,10.0
2023-10-01,TX,Verizon,4698663,171396,2.316427336403313,72.68602157532791,6.685568087647918,234.45473080494733,124.02391169028205,96.87362863384533,9.659826877067722
2023-10-01,TX,AT&T,3414941,139576,2.4300122616013207,67.1739600096443,5.094430096726025,231.3746604518718,94.26991457350499,90.40239289189628,8.925730478130546
2023-10-01,TX,T-Mobile,2787528,166012,2.633255694245271,69.76167726147666,4.063737981495264,159.18476221252664,129.622582037914,85.56040528347356,9.46164702664772
2023-10-01,NY,Verizon,4883888,191793,2.167675120083544,81.63372885084769,10.0,182.86270156112838,127.21065498429111,96.49994569334093,9.622874181977574
2023-10-01,NY,AT&T,4347870,166414,2.3659405672462586,68.3556316912402,5.7180084709450405,190.66230728545804,100.82459550263526,92.93712194840415,9.121049251592428
2023-10-01,NY,T-Mobile,5364035,186304,2.226955048596166,62.961888402120344,5.659405435157097,275.84813350330205,129.11734585798922,96.63421759305315,9.851754560930175
2023-10-01,FL,Verizon,5627639,149193,2.716958726490385,76.93114118904786,3.6402566389051216,208.96703093779885,118.58984281510308,95.76384334000602,9.475400744611763
2023-10-01,FL,AT&T,6781481,153932,2.1763861653339642,70.78134977550856,8.309630239027197,123.80107814365252,91.79340506800696,90.82778062734874,8.852888022425516
2023-10-01,FL,T-Mobile,7085938,142969,2.0164945877207217,57.72443253896816,7.391022986526666,105.8885029489663,114.27724220275421,89.88917644059751,9.404975811883327
2023-10-01,IL,Verizon,11112157,198134,2.1342945653909475,76.16464497477322,9.23059334327712,265.2094373074492,140.3041629208066,96.59389997768051,9.942253807998814
2023-10-01,IL,AT&T,13253254,138675,2.7744498310647803,75.23068842173176,3.013345288173857,267.4022521006034,100.74357414747875,92.88294085524693,9.049052824389666
2023-10-01,IL,T-Mobile,9165030,176020,2.356983075570369,66.56649346510164,5.750436312125624,246.62430501605388,130.78350532333081,89.93031625191013,9.647914659372905
2023-10-01,WA,Verizon,7051575,133757,2.6067213312052515,75.29519918931621,4.587655688612177,161.55876947658308,118.20647606398123,94.0417083719855,9.432428780546026
2023-10-01,WA,AT&T,12120620,148529,2.488651615534362,70.41480999999739,4.779754919545167,231.39313939786314,105.61764451963924,94.16690925110686,9.233212067926017
2023-10-01,WA,T-Mobile,6813582,199263,1.9473185588302724,65.0927416471248,9.738562573974825,214.45753878885145,138.21060135639286,88.0680016714741,9.755324660800833
2023-10-01,MA,Verizon,4795645,164466,2.7976213339938,75.83764010077475,2.8103482901983585,234.57876079785777,133.12724069272662,93.80966390018591,9.718458329852362
2023-10-01,MA,AT&T,5590362,171612,2.0363048681675853,72.33076556428057,9.975068322046734,131.50546511070326,111.23948446585332,91.28036109133524,9.239892866414317
2023-10-01,MA,T-Mobile,4728800,163801,2.574382059716083,68.89754375788755,4.1680648372696965,161.15736279792202,139.63164725354343,88.67623317146979,9.763944502636086
2023-11-01,CA,Verizon,3958213,163098,2.405158431954605,79.28595534188668,7.185396161816462,289.29456585948935,107.07033987596472,96.2021058701482,9.234610420204875
2023-11-01,CA,AT&T,5012362,148220,2.1700805841644764,71.52905152223865,8.315526837474243,295.88507916638775,102.82736094155653,92.89477625328725,9.128099991207362
2023-11-01,CA,T-Mobile,6095372,158057,2.405938482658213,67.65411745916856,5.6481817288969,115.96778627008004,118.19373954704889,88.23256936354683,9.334310697255697
2023-11-01,TX,Verizon,1605961,196967,2.087429188078967,77.89185375316413,10.0,115.0830104533056,122.65431656099851,97.04078869843157,9.585391454641275
2023-11-01,TX,AT&T,1306517,126388,2.8144871221153283,71.06142636531523,1.68158125322,239.74561371186996,103.52761803350606,93.85832798689762,9.175687936623897
2023-11-01,TX,T-Mobile,1797257,157236,2.4080349190524637,61.68329540144675,4.080122770903523,245.06678637264173,120.65963217444353,91.76187118861189,9.549215825132759
2023-11-01,NY,Verizon,5970433,162343,2.5455706539838303,78.2827298815286,5.699794400236533,140.0537212356846,122.33519956678334,95.01045036230884,9.514190203389646
2023-11-01,NY,AT&T,5519717,160812,2.29211687408544,73.22275332867021,7.293515562868672,146.4501292804739,108.26928450122443,94.29866362010968,9.262118065341078
2023-11-01,NY,T-Mobile,7428480,182503,2.2044246777496594,65.79793795432653,7.585739380316781,231.34064458663735,110.53211951375725,85.29601433051926,9.111543440647457
2023-11-01,FL,Verizon,1520545,152963,2.421871417298596,77.25812554859534,6.7291553920555165,197.59220900830752,117.1848462072956,95.0375554467759,9.422242332063236
2023-11-01,FL,AT&T,1603235,161229,2.42323520016713,72.78285667184586,6.1307896408699065,268.88222978853264,104.09974030909179,91.93429691827963,9.112195147011766
2023-11-01,FL,T-Mobile,1258802,174928,2.528961826270662,63.03716187211026,3.4198950151016843,292.51391747552645,118.64555805662877,88.9791909661375,9.411915271395598
2023-11-01,IL,Verizon,9234585,176618,2.042836438397744,74.85247760991872,10.0,164.37593017722412,119.16622110410091,95.42131138006303,9.497438987384722
2023-11-01,IL,AT&T,11009484,164780,2.232098123849884,65.79623795740069,6.594334294449816,181.19229126791788,116.10546936630688,92.43932058531485,9.437326625311576
2023-11-01,IL,T-Mobile,10158479,158006,2.322375481137988,66.77573571873377,5.9616938191973174,185.35918721263192,117.73619728243513,91.69698513169553,9.43787614241223
2023-11-01,WA,Verizon,9677470,167678,2.5043217552335664,73.50056897393279,5.239062927765331,247.7748454092746,121.67650155386656,94.17833314685566,9.523874335743674
2023-11-01,WA,AT&T,12406769,142915,2.4139603889494436,72.09216243613581,5.925564282672452,226.04205247985698,101.56799735711336,93.53264315060272,9.11641761729899
2023-11-01,WA,T-Mobile,11713314,173392,2.2669497985415124,60.785704334999,5.306251216219812,253.81941851706077,146.02610771879154,91.81391665364866,10.0
2023-11-01,MA,Verizon,10187157,176542,2.3652244720017728,77.26924364415734,7.446491960834395,149.79665324630284,125.20560795843869,93.55112047979345,9.537953337121003
2023-11-01,MA,AT&T,8568266,142821,2.6753077447040066,73.98809197364322,3.7401446371598572,226.91335986899884,106.71890711639759,93.0439631052872,9.185816115750136
2023-11-01,MA,T-Mobile,13387379,162366,2.6684131763306236,66.54684290235629,2.703885993202566,218.5559387953498,137.98461338977881,89.21350823962457,9.770629085960751
2023-12-01,CA,Verizon,7013248,189500,2.3199089851863164,71.60077448072353,6.629160728308207,245.03846852894233,130.53012406422425,94.91904315973338,9.742166031269251
2023-12-01,CA,AT&T,5280944,173347,2.470659500677785,72.13479040930044,5.6322667021834665,137.86738903579555,126.90335179320172,90.88096372898771,9.543148043640661
2023-12-01,CA,T-Mobile,5131438,200673,2.3876839169358473,65.85572843163067,5.28410436612848,246.73212780261298,141.19457754715253,90.10202150839183,9.868394911878498
2023-12-01,TX,Verizon,2622995,170293,2.3861412187751023,74.40096809443061,6.489317659328816,212.0823020031222,120.82086899627431,95.29463771806279,9.531246830523063
2023-12-01,TX,AT&T,1906468,134579,2.3919353382991893,70.70311829001521,5.696084208884336,272.22383367255424,97.40997273031849,95.25186066126811,9.098724091544259
2023-12-01,TX,T-Mobile,2218728,179279,2.4136429628060494,65.93062440873548,5.752369314808794,229.12935845174653,115.62454218555592,82.9732593887781,9.142382381287106
2023-12-01,NY,Verizon,10156477,153314,2.2936640034071334,75.51169808031038,7.635372626109108,264.1285094596579,117.66208632400283,95.30326955881635,9.457222832441444
2023-12-01,NY,AT&T,7338647,148998,2.394119805325606,72.64144390274234,6.330199102986452,132.1107885284349,101.31824980727335,92.56891624305955,9.07701804440983
2023-12-01,NY,T-Mobile,8934219,181155,2.2511020516545006,60.98497452403418,6.2783369234652415,221.50675825561004,123.57180569080859,84.07637464796586,9.383877608014807
2023-12-01,FL,Verizon,1800191,147318,2.2224174398414376,68.99299223866404,6.551317016770603,111.94357682397165,105.73599974433466,100.23107032547829,9.4317221822644
2023-12-01,FL,AT&T,3098355,172138,2.3410967961765894,65.22001177846313,5.177142593785323,173.37703032749778,119.78623500357145,94.5589180014141,9.580292122329222
2023-12-01,FL,T-Mobile,2489608,198812,2.0177697704989117,66.31325264250854,9.117895063664289,218.99908842299448,131.09792080769864,89.67057759848302,9.648943217683378
2023-12-01,IL,Verizon,6493371,165535,2.5522190294013063,77.337467540226,5.26549490746471,295.6868447978079,115.98709564028668,96.79808306567425,9.4503097293737
2023-12-01,IL,AT&T,6217628,185775,2.232901270057916,66.4046281192036,6.545828230466512,175.98836168360572,113.47066272200277,94.06084692795048,9.427192381086533
2023-12-01,IL,T-Mobile,6233487,169834,2.2182518292634876,68.64819450930855,7.99647821166068,120.75003538410678,119.06231599774492,85.5064239756616,9.259957094131662
2023-12-01,WA,Verizon,3290893,174882,2.41085095103891,72.35795829390018,6.080434217351113,231.3060872376372,132.2846750903551,92.82647931039827,9.706908298180048
2023-12-01,WA,AT&T,5486710,152726,2.239669469647856,69.66938874876088,7.318030238788881,127.07350410060047,104.66380677346577,92.19152814484738,9.162328092327128
2023-12-01,WA,T-Mobile,5208048,188078,1.9383173405739247,63.280519339912054,9.090889244716372,247.0322244693511,112.6572026591918,91.82041217526793,9.374951225042754
2023-12-01,MA,Verizon,8852579,169850,2.304063349735429,76.78816862713832,7.812562240352042,268.60287096899253,116.88172947125447,95.04437987721337,9.421084299470106
2023-12-01,MA,AT&T,12172971,159638,2.376461908924173,66.02564226880233,5.2873973645358765,151.64059189371386,113.89440017717033,91.53111999982858,9.36356518085024
2023-12-01,MA,T-Mobile,8906752,198223,2.156334652739726,64.36013475984215,7.704817755596394,291.2962194462454,132.86016155397044,86.03862668974776,9.594760684173421
2024-01-01,CA,Verizon,7205476,164208,2.610160037438048,75.3746329753727,4.445872593941202,154.24744627122718,117.68138637124896,95.2745362675286,9.458117485697109
2024-01-01,CA,AT&T,6245377,140592,2.44245639036225,71.13922195102595,5.342049505702526,242.05539026978252,98.34697335106372,94.61230980880165,9.093916541775066
2024-01-01,CA,T-Mobile,6087370,184718,2.190081257255472,67.60181043695006,7.349845068885747,188.200953297888,129.20135445252805,92.69704445949547,9.688920318465925
2024-01-01,TX,Verizon,7614426,177956,2.022238603060794,73.28647582413468,10.0,274.7507583987561,113.97308313009603,94.34909134219,9.377069644626275
2024-01-01,TX,AT&T,8480385,164481,2.153996970192261,66.92612962438369,7.384899186088429,269.9969070998417,110.06547966636634,94.60357036865697,9.3701554081432
2024-01-01,TX,T-Mobile,8552397,176071,2.2389772917743436,68.50235125362998,7.636817586863036,257.93890254739756,121.86640063551108,86.73879746119525,9.354468424009777
2024-01-01,NY,Verizon,14231920,149539,2.5165366484193417,71.63255694982702,5.031840182461497,106.75763108690386,105.91502608021926,91.29304723310489,9.14076636909926
2024-01-01,NY,AT&T,15306135,165699,2.266831823088509,72.67902845733497,7.3423646301676255,200.64635477077576,108.47648990058826,95.25122830414277,9.3002763625627
2024-01-01,NY,T-Mobile,14428845,160603,2.4574761250227626,61.826452194958826,3.772453893095049,119.58166405989965,110.22798188745654,90.18075295669092,9.291717704500272
2024-01-01,FL,Verizon,6805192,183201,2.189038285167953,72.58901662848562,7.961424704241796,276.9835525208785,105.15902590588884,96.65995769775797,9.27708908276566
2024-01-01,FL,AT&T,8178663,175002,2.3355424329978245,72.81572609922763,6.928242427252067,240.2371130883803,125.90716196856158,92.79478462615215,9.57382951716352
2024-01-01,FL,T-Mobile,6731082,161756,2.2163322279654047,65.46264554921905,6.723521957525907,174.08279060588148,107.39524986840756,92.05684872663856,9.254984003675117
2024-01-01,IL,Verizon,6959331,174888,2.572369482723527,78.31533271141258,5.0752556613942525,299.8553051892474,124.45643504490099,98.64116053652994,9.665210189879792
2024-01-01,IL,AT&T,7097612,156007,2.5210854692746705,70.47659401935945,4.5800694519325384,103.4829807882452,122.04001130085652,93.04394659192643,9.527352683581329
2024-01-01,IL,T-Mobile,6186313,165544,2.2895988537853946,65.24099528455768,5.598470122946013,270.2053192603483,119.25010432869594,95.5374039611158,9.598714252561816
2024-01-01,WA,Verizon,11082365,177432,2.4184528131739933,75.48043249474613,6.389328311539532,177.29214882975882,119.84389561635068,95.22230055669762,9.498742604080482
2024-01-01,WA,AT&T,11150438,156001,2.2769293051500794,68.06557668326857,6.439126474334164,161.6151991979328,117.932473812483,94.04695810818757,9.4994024526626
2024-01-01,WA,T-Mobile,10704723,191827,2.24306144385347,69.30201748829694,7.315190507253647,234.09857905580762,125.43671947064891,91.1459855187104,9.550093780091322
2024-01-01,MA,Verizon,6747540,176508,2.1549531464954352,74.70980030649042,8.627183766967965,144.67880601064138,115.136195250743,97.6524482937577,9.485199350762686
2024-01-01,MA,AT&T,5348846,159801,2.2774972230806836,70.7815948436247,7.043288366315379,197.3456096339326,98.821921744716,93.38058371602726,9.07003999793889
2024-01-01,MA,T-Mobile,4932339,194527,2.1449174707014373,60.666758639805096,6.83724292310818,115.8918906344754,125.306242124934,88.4693409783847,9.55353748545217
2024-02-01,CA,Verizon,9502856,168745,2.5051463087793646,73.89685041185636,5.579825584851011,153.37814922991254,113.50442419727437,91.48081409726613,9.275544402744908
2024-02-01,CA,AT&T,13685810,159568,2.346742834439115,74.3917022428672,6.873770649270841,265.5680991988807,113.11786553917648,95.37141454911445,9.379582724828293
2024-02-01,CA,T-Mobile,9411321,166645,2.095118411365444,63.663567185372756,7.8791365753893245,205.45590235239456,112.04451188398411,89.02392748030786,9.27497239023519
2024-02-01,TX,Verizon,11941069,192582,2.3713737726567072,73.88871685659099,6.484516313240572,145.96779915973906,135.87375666946667,95.79489331510553,9.85243476427659
2024-02-01,TX,AT&T,11444634,155114,2.385526604864015,71.95093359248902,6.501886386473318,299.2320592433348,109.16668525124591,90.33034283384336,9.173734654115329
2024-02-01,TX,T-Mobile,13451473,181355,1.9434786109927311,64.19918093858112,9.35204291751986,296.8711976788453,111.34114252021418,90.53007160269053,9.300733189099189
2024-02-01,NY,Verizon,2062565,189313,2.250732670838796,70.34427768560269,6.985715249431692,234.28383003353542,125.76106919399933,95.75813579300889,9.684522680814226
2024-02-01,NY,AT&T,2630536,197206,1.9889246344429439,63.879891004302934,8.26807655529628,100.89864936578404,127.08417781081317,96.1865530113487,9.788481236513695
2024-02-01,NY,T-Mobile,2606140,169963,2.6904669687011418,64.59378520650455,1.888943956410352,181.95577431539502,129.32264366286932,91.2514339787914,9.678058040556081
2024-02-01,FL,Verizon,3327030,151192,2.441819947514372,82.25839871091875,7.042123512635205,262.6220536941555,120.45823116017654,99.91356754404825,9.58398766241579
2024-02-01,FL,AT&T,3864176,146719,2.4812689420767704,71.2419604808774,4.964916639746404,210.56608647732725,110.88285648338146,94.70786035661368,9.346473335557265
2024-02-01,FL,T-Mobile,3151866,153519,2.595515024220865,68.13111054594113,3.6126393480417835,210.27253576236285,124.33646485301712,90.58432518937795,9.52294794728227
2024-02-01,IL,Verizon,3147067,209810,2.0394490722922267,75.04753400313115,9.743429248631676,226.1274577918487,123.54590278604682,98.71586829072288,9.68191876441131
2024-02-01,IL,AT&T,3954043,168047,2.585152797537848,68.22553522878725,3.175482745164399,207.13302158668054,134.3573185944189,96.18096325214572,9.890319917164875
2024-02-01,IL,T-Mobile,6111146,171942,2.2652630426137046,64.34432498498475,6.104745679449992,147.62112549441576,124.53241851987946,91.11488891409913,9.580651787970716
2024-02-01,WA,Verizon,8135171,168936,2.3996460621508358,75.06774547535619,6.5208449222480995,217.99905827241645,121.85715054497497,94.96243551314778,9.53533862154037
2024-02-01,WA,AT&T,5016863,162834,2.3062364024890822,70.42132458203082,7.015060513889866,287.27560577162524,100.04922901401116,90.06840377625473,8.998823447747556
2024-02-01,WA,T-Mobile,7545408,170501,2.39812135973124,67.60133120606875,5.336752107578292,187.59370122974386,140.7899655670234,92.02300536323058,9.900476160176698
2024-02-01,MA,Verizon,4839745,157029,2.492570257969167,76.26569861674231,5.770961593416887,290.25295979674513,108.50898047403197,95.56475550239902,9.274465288385187
2024-02-01,MA,AT&T,6759577,170636,2.436656941316331,68.11616175566802,4.914606025191249,205.71169248673633,110.68425311207903,93.42056912779046,9.335140518518614
2024-02-01,MA,T-Mobile,9597759,176716,2.1262376578549476,63.195248061353865,7.109715187126021,145.82293355133532,121.62258325651142,92.66957846595281,9.580586538495275
2024-03-01,CA,Verizon,8153296,159287,2.5125267659136474,77.23965855496074,5.640118689231712,196.53048366257536,125.40828210384491,96.82545362623962,9.64053266531448
2024-03-01,CA,AT&T,7175271,142909,2.120433515009323,68.91370481712413,8.198344594700634,259.4853860766365,76.65107289374171,93.80061218630964,8.657902775292882
2024-03-01,CA,T-Mobile,7750945,209738,1.9779651615487914,61.07005089153217,9.041869457171442,101.45459629571832,142.59401802992124,83.92489105647077,9.758926583377226
2024-03-01,TX,Verizon,8687555,175187,2.6205058886946055,73.22350101004986,3.820802299304742,165.24724482838826,132.1981437909695,96.18839015759173,9.797379570446644
2024-03-01,TX,AT&T,8704586,177832,2.356451638270623,71.95752920019221,6.573902064768802,299.4682671056595,118.89074390670012,92.53087392563407,9.434165803901102
2024-03-01,TX,T-Mobile,12180953,178193,2.2593590929245284,66.20105953773803,6.938070931343939,249.52818311654633,132.9990445909031,87.08550046958386,9.610535310528197
2024-03-01,NY,Verizon,4922551,130021,2.5312381244016464,71.29891750701435,4.018705379815882,162.1740234434946,99.89342674719123,99.28696877570522,9.263488423144837
2024-03-01,NY,AT&T,4036118,144736,2.5920593425893466,64.18441948918074,2.429948321860596,101.2001563347964,116.936922352576,94.86342150082089,9.542796897184338
2024-03-01,NY,T-Mobile,3781634,181082,2.4236638952475054,63.01328576400313,4.393374283185767,263.36040459791207,137.13490955039512,89.72643917139807,9.804358508509813
2024-03-01,FL,Verizon,12514543,158462,2.536172164890825,72.50457661915155,4.373845324055721,281.1652364373601,115.10153996166869,97.65348350866336,9.506589538301759
2024-03-01,FL,AT&T,8139840,167135,2.414652404885335,71.12582676456621,5.644779758168626,118.21346537115417,102.59375895911191,94.33861545891267,9.170775375303956
2024-03-01,FL,T-Mobile,6948805,183038,2.095163161427987,71.48545382341324,9.201807385000318,134.6910600204275,121.05967508789722,91.43651765402457,9.44943449314455
2024-03-01,IL,Verizon,2849213,195186,2.3479534394649475,75.50816694949624,7.21583109714573,144.11361472738852,140.3658235667208,94.0626789810404,9.874115171270665
2024-03-01,IL,AT&T,2817012,148869,2.456773470796504,68.7921923589311,4.774786919468433,297.1535211649627,113.48286247666819,94.15916844352748,9.406510379249877
2024-03-01,IL,T-Mobile,3519700,166994,2.4921828740518532,70.75700166590805,5.684629117615576,270.6846539018286,135.22971573896945,85.44942475047505,9.56050704063456
2024-03-01,WA,Verizon,7752911,159801,2.6732444907327144,80.46290167579869,5.040352693536418,172.08633753610087,134.0473780926152,93.19782734296182,9.672253365383172
2024-03-01,WA,AT&T,8513124,162080,2.1046907342162413,65.74262013169839,7.593959985100146,284.84065915115434,115.75771384014762,95.07656699077118,9.510025085209104
2024-03-01,WA,T-Mobile,8534168,168385,2.3449001806093293,66.85889588882266,6.142571139053017,241.2967976284761,137.78825894439882,87.8020623261822,9.721238089785215
2024-03-01,MA,Verizon,7253707,162356,2.948014332512322,77.36659264755637,1.7428195823461383,150.65417913349404,126.90302928091934,92.50355622041917,9.539501345755399
2024-03-01,MA,AT&T,5929449,157172,2.446544698756825,70.25591354514236,5.149503308540987,185.02337978235943,105.75743127102722,94.36232412919233,9.24345921384489
2024-03-01,MA,T-Mobile,5769960,204325,2.282690643867901,61.80003989324368,5.725798955219556,276.0344361281513,151.5073068849605,88.07302584750171,10.0
2024-04-01,CA,Verizon,6345335,160599,2.2809364573236337,78.99418480654518,8.17726780198311,109.55829677402429,111.50878296799424,98.12204586089592,9.383895187121311
2024-04-01,CA,AT&T,4481911,164312,2.1664470150458843,74.25803869668255,8.825835147583705,148.33256207491627,96.99366295251552,93.6130244129396,9.005683604471674
2024-04-01,CA,T-Mobile,3745465,205681,1.9877020244916925,62.33103054936158,8.290376113963129,227.40688181454192,130.41589067558434,92.98809750992258,9.774650433315747
2024-04-01,TX,Verizon,13478306,142834,2.6469872004610577,76.89823955758962,4.6741038211044925,160.8583717029679,120.80170011069048,92.35672085802854,9.417753232378768
2024-04-01,TX,AT&T,9134178,165521,2.2882813714,70.97224823940124,6.681256841784095,201.2769555565381,96.504903246466,96.3037909209615,9.109489310164152
2024-04-01,TX,T-Mobile,8161511,182116,2.209856170138978,61.04161357395613,6.397204319680105,182.91097717224534,131.5141590787119,87.12556693721345,9.63363405395108
2024-04-01,NY,Verizon,2670004,151990,2.6166073402766994,74.63019925145791,4.280918357315773,195.6964791505743,109.03048202845369,94.7904809020881,9.278022075117137
2024-04-01,NY,AT&T,3422440,166703,2.4645485807886236,68.46491838426486,5.327379909098711,258.3792903323616,108.24710708872347,87.20117959868023,9.096328345892228
2024-04-01,NY,T-Mobile,3250481,194612,1.8818759530688225,63.89426927977959,10.0,200.16625325732042,127.81403453682464,89.60094325267693,9.605366295519005
2024-04-01,FL,Verizon,1796267,181480,2.262442458166913,74.04615164761047,8.24532790593867,208.0734019333396,126.8851643617722,89.39477841914292,9.479085123333627
2024-04-01,FL,AT&T,1410810,158252,2.2421170634764747,71.53113864064682,7.675693511033476,135.90028105820028,102.19731914038752,92.09363582331142,9.091444071100625
2024-04-01,FL,T-Mobile,2064061,196431,1.9931021761882013,63.06509626470528,8.658863410188767,131.25698693935516,130.14445768706648,90.23134080870271,9.67917841535536
2024-04-01,IL,Verizon,11229804,156849,2.7541550435391784,79.2680124967563,3.892138304289556,183.48307906528902,123.38140325357932,94.1991375966992,9.500922068005
2024-04-01,IL,AT&T,9121787,181849,2.3197653200837633,67.98550745815754,6.426181149737942,154.4398278553131,124.42296648169973,89.73267141055935,9.500584397369199
2024-04-01,IL,T-Mobile,8403617,168288,2.351152535537303,66.03389151390353,5.546710752867382,222.1018630475989,131.31379834918366,91.48542194540295,9.710499710206726
2024-04-01,WA,Verizon,5081718,195317,2.362953141802034,71.71447524559362,6.34339986148366,101.99995909116066,130.69543624502774,93.69963769614724,9.707753103329035
2024-04-01,WA,AT&T,4429027,178513,1.997988767463613,71.6347996692328,10.0,174.5932425491754,119.72863157754787,93.47072259210432,9.48234631262176
2024-04-01,WA,T-Mobile,4055873,153962,2.486245283987494,67.53277622497443,5.067177944431825,201.06788237918374,119.91895292258003,85.76924460688124,9.296128634408294
2024-04-01,MA,Verizon,10702876,179009,2.34466126952634,72.83157108841962,6.683931959846557,276.1846598176477,127.04815312891833,94.35769562573968,9.64337822046636
2024-04-01,MA,AT&T,11757462,192533,2.423909450880821,71.07511593424259,5.892317853876103,102.37728176947674,131.38055211634006,90.83610824164207,9.641943130233638
2024-04-01,MA,T-Mobile,12022576,203849,1.8892962701566676,61.88359206104642,9.57827479352236,164.43888479525745,142.07026513427687,89.0548091712025,9.894213657211147
2024-05-01,CA,Verizon,4024241,152183,2.673551387435486,76.50030174233947,4.428230130833499,264.1315540571118,116.80358318017137,91.3631634327953,9.311963549163892
2024-05-01,CA,AT&T,3443327,195355,1.8755911955559723,65.25375088917998,10.0,101.37259211753064,113.25534205881858,92.94838222276273,9.401020798967455
2024-05-01,CA,T-Mobile,2262626,145067,2.450616878698778,68.00487802813028,4.878438361035979,185.29830803191197,120.55644858766696,92.16368457602302,9.495990728752728
2024-05-01,TX,Verizon,7263337,176564,2.38412500816421,73.55341956679241,6.432742972358329,207.70735375348477,129.08783329780132,94.36690859358052,9.677229728095519
2024-05-01,TX,AT&T,10487154,156948,2.3264798126487007,63.32844081288629,5.35586035029271,221.52270520664695,127.64971854126443,90.45029685797539,9.633218868435687
2024-05-01,TX,T-Mobile,6970432,162847,2.2924790278859772,67.071424804512,6.639863384275664,280.68037102514666,123.37811452323339,88.49631297766963,9.451737431749637
2024-05-01,NY,Verizon,3634284,168180,2.3367325642358625,75.60779557342822,7.287826020592312,267.0499408032467,117.9004946821776,94.66407451734707,9.441854173429682
2024-05-01,NY,AT&T,2491090,174240,2.1728899726687203,67.05090103984074,7.470937018563378,257.24996564974555,107.00278605388988,92.10343462717564,9.23264974949466
2024-05-01,NY,T-Mobile,3563941,166377,2.4737824552576404,68.5954470571517,5.414218339594006,118.1206032010716,140.40349620673237,85.67046519259928,9.69222940934111
2024-05-01,FL,Verizon,3647436,165818,2.362116062786375,69.68042726346071,5.638561168788259,210.92428182572232,121.73564175505636,96.76363656040132,9.640817659278559
2024-05-01,FL,AT&T,2675623,162141,2.5154924441695514,70.22011879400401,4.765788138257657,190.8210646471136,107.24036903544999,91.2331117884763,9.179599546423248
2024-05-01,FL,T-Mobile,2797619,167480,2.503013356894995,63.07250793542218,2.8849221903674356,127.0481571249112,118.79150732188378,96.9944582776705,9.65493881541357
2024-05-01,IL,Verizon,9503669,153822,2.2998000351639396,73.46881167231622,7.068953236179735,241.03508304142647,101.31330744260465,96.26808746644112,9.179620656122164
2024-05-01,IL,AT&T,11903696,139415,2.618923436707838,65.50141178339483,2.4118335217767894,161.4770094973402,112.12967340194623,94.99214467823793,9.437343690552114
2024-05-01,IL,T-Mobile,9823622,160306,2.385716789943949,73.67568570216262,7.172762154613056,133.57775140615115,120.45942129526516,87.05207086379978,9.28399369479767
2024-05-01,WA,Verizon,12457660,159946,2.6642778873099893,75.63052355235975,3.815327404097979,101.07186092511921,121.31817732596718,96.67998433274077,9.57045784097797
2024-05-01,WA,AT&T,9928176,127393,2.489639094648077,66.86669140957666,4.1462303354276395,229.57603470246053,89.81280276720801,93.30717000006926,8.926804241250473
2024-05-01,WA,T-Mobile,13403972,172832,2.3135188082499334,66.87536136901977,6.006127274881348,229.23803390664744,137.3201726489704,92.33756916423272,9.847776914216192
2024-05-01,MA,Verizon,2017229,176013,2.1090951478736226,73.62239689858424,8.989036295833774,199.23977613355257,124.67138952419705,96.44491605146847,9.650551303042153
2024-05-01,MA,AT&T,1404983,171538,2.324653052100839,69.58581563512118,6.317431193500537,259.0375950192532,109.53843451037832,93.5320141251531,9.300870957610947
2024-05-01,MA,T-Mobile,1528405,179451,2.0961649158106437,64.86426639070685,7.71341663002906,282.19898202535614,133.73905861438487,92.97787490005871,9.815474755382391
2024-06-01,CA,Verizon,13774309,153233,2.524052742519446,79.36260433124518,5.7166816045955855,147.91752369880666,122.37636403010745,99.15311836458986,9.628494788227393
2024-06-01,CA,AT&T,13006490,177590,2.006689634812245,67.24837991099493,8.882798220643519,164.64671541357086,96.186871656054,94.99981413433012,9.101248058041033
2024-06-01,CA,T-Mobile,13388196,181553,2.2337147133838227,64.13924727218698,6.62325764744946,229.6220817752583,132.19145338657347,88.67444673149707,9.662669996954511
2024-06-01,TX,Verizon,4133469,162841,2.7261561489657895,74.38556148729874,3.2038357067768533,108.65649790023615,118.90228184376836,94.11715101025001,9.45770455230988
2024-06-01,TX,AT&T,5859168,173596,2.1156916600785136,71.48496282886703,8.568844384819712,240.8114217797393,114.43716819164037,95.71231580168558,9.445263209594705
2024-06-01,TX,T-Mobile,3930099,162478,2.362116276254745,66.01018245229366,5.29137220650549,186.13432108183716,137.69137414737108,92.89501521405792,9.880576114846223
2024-06-01,NY,Verizon,7022620,141365,2.4941610388813973,73.46633273818439,5.207419710125703,145.33364627246067,119.93179161449254,95.442364486972,9.527243439517166
2024-06-01,NY,AT&T,5300305,165698,2.291420486095511,67.79288969254307,6.02704090508637,168.80207337152302,106.0336254787087,96.17332172467133,9.327943264388882
2024-06-01,NY,T-Mobile,4679638,152673,2.4902083128821637,66.46453579649037,4.782681869644515,238.84988757878776,130.25091354891958,86.08142160831922,9.522815561263064
2024-06-01,FL,Verizon,9040907,141684,2.3751308773813227,73.70780860510195,6.592935132098451,181.74518565525295,113.281354923804,93.97317815108713,9.347744356957675
2024-06-01,FL,AT&T,10112602,137009,2.25224042622218,65.74042739624508,6.268774883758962,251.56479880609092,93.88892242639972,93.56906333268257,9.027446074546022
2024-06-01,FL,T-Mobile,6522357,169954,2.2828085020881734,61.00595167587436,5.560512503956372,135.98283932213963,132.52848251230924,88.12592810336768,9.684287976588472
2024-06-01,IL,Verizon,2127079,138391,2.26303581993154,69.97625990450864,6.895287280394247,218.3298655049839,100.17795114589586,94.6960650119208,9.144678374230454
2024-06-01,IL,AT&T,2223182,157563,2.3756177068413495,74.55837423951758,7.009075419531609,254.27246247769776,114.39886204764484,91.46422359958413,9.286320206545245
2024-06-01,IL,T-Mobile,3910658,208835,1.9564830655924994,63.75728893944963,8.84535186314662,189.66247064863543,136.24146768167373,93.41275268818312,9.889639044884472
2024-06-01,WA,Verizon,4820818,174376,2.3217024487104183,74.29504955386781,7.271974282730916,138.96320665253697,127.7119190532974,93.70011140938462,9.622291227808809
2024-06-01,WA,AT&T,4269402,145395,2.3867714633948207,66.177462952651,4.8888464662435895,299.82741524330197,102.5288373896738,94.78931490338401,9.232481565368486
2024-06-01,WA,T-Mobile,3719234,189666,2.1200396479239183,64.9793572009984,7.642495588553454,246.72248056633345,114.39122293519193,91.52979372407039,9.383924698415967
2024-06-01,MA,Verizon,11761139,178624,2.3826266581808673,73.82774469028615,6.398091535880137,276.15341302975264,128.70237091733588,95.4119082036842,9.698127217554381
2024-06-01,MA,AT&T,8064633,180760,1.9328503070167793,66.74981818475601,9.420996753068511,229.8214857873409,125.69893383075691,96.00463813714896,9.726619638882049
2024-06-01,MA,T-Mobile,9254434,178462,2.251049115634272,68.36393906102752,7.286692654202439,105.13395089310038,117.88506347920038,88.75604001660346,9.336743079471836
2024-07-01,CA,Verizon,4729081,179997,2.4921318707749913,77.31234944394377,5.9953853092030505,176.27279503631328,131.33185414072508,95.45765871835793,9.717243349925802
2024-07-01,CA,AT&T,3802290,160561,2.4312437172375625,69.52916558416847,5.358964552668061,104.66773656612942,111.71473190447628,92.34431391790005,9.309332399784845
2024-07-01,CA,T-Mobile,3089186,191322,2.442981702475765,69.08487037492645,5.612447359568604,256.5931325601266,132.57852382918244,87.74709690659031,9.593134680032094
2024-07-01,TX,Verizon,6215803,199281,2.0749892163084205,74.06866240427709,9.669067485309439,232.46226879987296,130.61667798263906,93.94772832461771,9.690078785348542
2024-07-01,TX,AT&T,4659938,153508,2.350485776407739,67.38994832983433,5.7715262328041,175.65655180726844,102.73110452368178,92.01605669085373,9.141204307900903
2024-07-01,TX,T-Mobile,5451769,149372,2.4663217777933166,63.57067754546928,3.970711821787674,295.72549023215066,115.9544189520431,90.80205909373011,9.40744337639807
2024-07-01,NY,Verizon,9361782,167924,2.552973834077047,76.13015054360808,5.118416607976172,226.06089551203917,124.55727614496047,95.77875159974973,9.603206565455622
2024-07-01,NY,AT&T,5805166,175449,2.2785003501512286,69.06229882593603,6.752734074398218,155.07414482433418,118.8914302756737,92.74722189276706,9.469622274037125
2024-07-01,NY,T-Mobile,5603333,171803,2.2141105930190776,64.22359740917325,6.722504566727072,297.75082108268134,120.65534330164753,89.811089849168,9.465203587416259
2024-07-01,FL,Verizon,8545452,133695,2.621982666740945,81.66849574455401,5.861811732164859,183.85523614428962,108.33870781608286,92.52060749336493,9.125707423677065
2024-07-01,FL,AT&T,13919887,175199,2.2450206787522284,70.0924119680797,7.239072417571965,244.97160915387403,116.29407514470621,93.2920318852169,9.423718339769835
2024-07-01,FL,T-Mobile,9054539,194397,2.3752894478914213,70.2612907520621,6.693225967143553,239.7717199810891,144.3212345397983,86.06137704354654,9.765653094581742
2024-07-01,IL,Verizon,5744466,193607,2.228746422603815,77.34872098470966,8.197768855984592,242.12509047614117,123.78258982317922,99.8451111491919,9.697517921092244
2024-07-01,IL,AT&T,3767285,181336,2.067302163824219,65.54928325540237,8.137880332330848,102.76952710127638,126.7369069732134,92.98954680507435,9.668931711062474
2024-07-01,IL,T-Mobile,5451236,176291,2.020487791175715,58.76826786764719,7.14826010173405,148.45623202359178,142.57676977853205,94.00515560038241,10.0
2024-07-01,WA,Verizon,4998707,154079,2.6522606590870828,81.4259479204438,5.268525763517165,100.16982192434362,123.56093292921189,94.94057229700769,9.505176348290032
2024-07-01,WA,AT&T,6302463,159010,2.1443345321548826,72.15931638594782,8.288012051261935,219.29756784963013,112.43770972289609,97.00505904378801,9.437312801912084
2024-07-01,WA,T-Mobile,5998141,196225,2.0833347465016936,60.93591839466801,7.180757231786508,177.03227697978014,130.44807919858292,91.73078982130156,9.751526094664026
2024-07-01,MA,Verizon,2541608,176450,1.9734858397878834,69.47285391460075,9.627619330532994,269.97595292146434,116.50776949286784,95.32093054508324,9.495054767063847
2024-07-01,MA,AT&T,3170620,152131,2.2294789232013152,69.06558064812731,7.172659046155444,285.1480523214467,103.42118535290548,93.45667851456865,9.181468256013895
2024-07-01,MA,T-Mobile,3334690,194046,2.117446309889159,66.57840068214395,8.02763847364264,193.02094525659373,148.12954294465052,91.13578563894565,10.0
2024-08-01,CA,Verizon,3030709,185548,2.5167785381447683,74.4125726159943,5.19091672610257,139.6001468440508,131.77052936907225,95.23812415648615,9.748428585916086
2024-08-01,CA,AT&T,2620321,160669,2.692421535237002,70.99001485501044,3.3113919875514437,103.53863222735416,121.65886739468417,89.62395631080625,9.411995888667766
2024-08-01,CA,T-Mobile,2457286,154558,2.4077769475000825,65.30523737516695,4.7158044630240274,145.52233767316267,135.26285868681978,92.67473537008534,9.832446861087286
2024-08-01,TX,Verizon,3621853,193754,2.26758866955707,74.66147955876701,7.86728170173533,268.4133701878386,134.9200723983513,93.89127514447374,9.768524906713568
2024-08-01,TX,AT&T,3697515,180366,2.050176885649147,69.40513751884362,8.828185473478388,179.54528310121765,102.2307313425856,95.51073173798865,9.215885203802934
2024-08-01,TX,T-Mobile,5188448,164594,2.1454908564701785,68.37663166583368,8.530515837642362,122.12868664961326,127.25917456969138,86.89901930822593,9.468387753982269
2024-08-01,NY,Verizon,1779584,149860,2.7860398015980983,74.48730017937318,2.8773140338002228,294.08056013658137,117.18757093663329,91.59747986093429,9.346802812766963
2024-08-01,NY,AT&T,2429166,165696,2.260414768690058,71.97837557331806,7.510923427741926,230.79446514215329,120.36064430399516,92.80604000021106,9.471610330353053
2024-08-01,NY,T-Mobile,1448997,199624,2.173061498819909,65.20450130115975,7.427132303158054,232.22420153242987,144.23437923444234,88.83152968874809,9.89758846233969
2024-08-01,FL,Verizon,7112993,145243,2.420820243563445,79.44894702203092,6.917458887874133,167.7242102210157,112.69651185752163,97.64128080897602,9.388679191199405
2024-08-01,FL,AT&T,6558477,145174,2.3583895862554214,72.07725653071651,6.429184085934954,281.23715420661006,105.3653911350623,94.02371357654134,9.207246664690322
2024-08-01,FL,T-Mobile,5723148,151684,2.2273681358545794,62.492349322871455,6.230608480996312,130.99236930477375,110.39861055601693,89.94180025032182,9.281302725401279
2024-08-01,IL,Verizon,12155922,121808,2.5684412346961953,70.99121380377234,3.858636781613236,181.29634006300245,96.19619775853195,96.55193632179281,9.1105699067867
2024-08-01,IL,AT&T,14819234,179691,2.3174245455615115,69.77058813445761,6.5416842229917975,188.6816425989433,108.90630933589541,92.38187948284606,9.251876689858713
2024-08-01,IL,T-Mobile,8440803,175301,2.4647304603609475,66.91732497649446,4.616939181823364,148.15088296356143,133.1139535741202,91.19221209866053,9.728872184677275
2024-08-01,WA,Verizon,3174321,167895,2.4833145637582335,79.41210889602301,6.3332066952770925,146.36320994295068,119.99528294585068,97.16069446345178,9.520605403860337
2024-08-01,WA,AT&T,2928349,145866,2.5344390884603856,75.09071360355716,5.175431495065854,198.3121204866253,111.3105896268095,94.9832034104172,9.324800758813135
2024-08-01,WA,T-Mobile,3007443,169467,2.290682225014753,64.20318844934145,5.157676853920644,169.02878387791048,122.25958649634195,97.76138585800118,9.73600142117346
2024-08-01,MA,Verizon,5153708,163460,2.5437013647909597,77.52286665715106,5.604771863261015,105.22246967231771,113.77494220635307,94.62787820259597,9.33910652363343
2024-08-01,MA,AT&T,4995184,146184,2.1983847824244487,73.79799371912738,8.419719061959148,258.71854421552786,110.73905179680104,93.56031857621838,9.2836106560313
2024-08-01,MA,T-Mobile,8802449,154686,2.43020837262114,62.93572757475247,3.9411999206858495,255.649977237007,126.02435547043551,93.43861868053244,9.694288394077159
2024-09-01,CA,Verizon,2008513,162999,2.5568174771059344,76.49810883581407,5.299877121940106,257.4794079347441,113.86314633123527,94.31569874163364,9.341752800515573
2024-09-01,CA,AT&T,1509384,149657,2.4531621755226154,71.35892396513661,5.189792811421359,213.61516384957235,102.93059211288293,95.50370226379806,9.210133670520234
2024-09-01,CA,T-Mobile,1977839,190341,2.102478473524062,63.64820049003539,7.601478054282293,202.1367968230654,129.04878325310622,91.03377308484164,9.67550685270702
2024-09-01,TX,Verizon,3983136,174309,2.603603309548037,76.50028218940611,4.955127096084698,147.30402845464528,122.3628009395305,93.08896246316152,9.474922070791395
2024-09-01,TX,AT&T,5288386,154330,2.106598469996379,66.43614841427284,8.092823934359373,105.17207670771941,99.48868264223832,91.28421048531405,9.063938483261458
2024-09-01,TX,T-Mobile,5413927,196025,2.0768973348006203,65.04977575809329,7.929354916728103,115.95395955003877,132.12326140667898,93.1162688688435,9.785455536617953
2024-09-01,NY,Verizon,1998185,149511,2.643282125627987,80.2820037280956,5.228956356375338,230.97702251352516,115.11715656989631,93.94623132963915,9.317910034006145
2024-09-01,NY,AT&T,1723335,139249,2.7004389930832535,66.38570625895431,1.8837152123786982,292.7211465569243,95.2616300814906,93.89036108579629,9.05808637161416
2024-09-01,NY,T-Mobile,2559322,158496,2.4899902488461354,61.646963992668596,3.817488277718194,221.04334342701827,122.42166050227124,86.12002032354172,9.41556417982499
2024-09-01,FL,Verizon,10235505,159172,2.6889107315257466,76.79297201565154,3.9383694450998674,108.87931183392665,116.6125698822859,95.31117642772975,9.423656970321094
2024-09-01,FL,AT&T,10443297,150355,2.442358440339774,66.8068827686974,4.613447752153686,268.607032927698,105.93036552598863,93.24344398188053,9.247841802289214
2024-09-01,FL,T-Mobile,9044991,193446,2.076982734330133,63.94554909151649,8.068453348009525,267.35322205099084,133.5687331331789,89.50829126992448,9.717167909846149
2024-09-01,IL,Verizon,3922489,151879,2.425607940933115,78.13996581633286,6.731355132219206,107.74250167341322,113.53135476280424,96.40558621716218,9.381395023607622
2024-09-01,IL,AT&T,3916848,162337,2.012866867404508,72.3727014296104,10.0,140.60976202097976,117.16450092034604,93.45871611876998,9.423324487673916
2024-09-01,IL,T-Mobile,4057231,160746,2.2969474879162157,63.686277882541326,5.754380317258586,258.798883333967,123.85568869499296,90.13400380087525,9.544271109100702
2024-09-01,WA,Verizon,8530240,185028,2.3681704814463083,73.49765295393871,6.969154385588457,133.7961178467425,130.42128308614443,90.48671390736202,9.588050549404361
2024-09-01,WA,AT&T,14116358,178268,2.2158236061419556,67.02818698877252,7.0790950667220365,122.3568598209884,121.58842156998725,91.68306269612913,9.511978442395893
2024-09-01,WA,T-Mobile,9854471,194699,2.175257978911228,60.52895057761761,6.447693379559313,216.14975526139614,144.17107090895098,89.0551694685193,9.949786996458423
2024-09-01,MA,Verizon,4870757,162883,2.7223507366151525,77.31951505493495,3.8506778812551667,136.6305782300284,115.837657180375,93.89717763580298,9.360473322132238
2024-09-01,MA,AT&T,4769629,153116,2.0147381094321015,69.52953707115418,9.09353579525446,265.2173547790862,101.51050278691645,96.6499052465536,9.234411842423395
2024-09-01,MA,T-Mobile,5991190,150182,2.2978056173966652,69.27059458596545,6.979316877179138,296.0317551403876,101.74641588968566,88.96745866047303,9.011246131748251
2024-10-01,CA,Verizon,7337733,184864,2.0710525149055083,74.59957359197233,9.559223147470021,243.93068673780704,116.97007626127176,96.50166421869363,9.48845571586652
2024-10-01,CA,AT&T,6068824,171861,2.4546518849474634,67.78210769091837,4.992439102110419,205.42361811368085,104.02734626726495,90.17463586598618,9.1079649244157
2024-10-01,CA,T-Mobile,7773413,181088,1.9614459230556212,68.17554977104636,9.676677005258448,143.95044875851778,130.25704882027907,93.43973718394611,9.7265775942135
2024-10-01,TX,Verizon,10056133,157709,2.2133868954482283,76.28159585297304,8.510600138907652,280.56817845219643,96.80847822925789,96.11850077204672,9.05690862921683
2024-10-01,TX,AT&T,12017187,160414,2.3441047398091186,69.4156618990728,5.754845542355007,162.95693599173305,112.94837880813768,96.87239439368365,9.470982788982534
2024-10-01,TX,T-Mobile,11881012,186156,1.9449978025111436,62.30892718421952,8.877461828822444,198.7949306550962,127.02774124249551,91.34345582910022,9.657769227880722
2024-10-01,NY,Verizon,7738394,174813,2.1365901810835215,76.23279373328678,9.448836721219811,109.48949497201004,121.99776221835094,94.31820214602334,9.50717337141485
2024-10-01,NY,AT&T,7140232,168668,2.371199600451017,68.41118785359312,5.724686243054645,195.73605084003498,127.08691538093944,92.4555532315381,9.631293026029
2024-10-01,NY,T-Mobile,7177107,173394,2.165910388409542,67.06472285247602,8.01376715736449,174.98581027186577,124.83481066124396,87.40073529035294,9.448071043410707
2024-10-01,FL,Verizon,7269747,165803,2.382494968450442,78.67583535500096,7.670238626969707,227.1445503420407,104.61789209666286,92.39978759526062,9.077593116241065
2024-10-01,FL,AT&T,9373089,152327,2.4153185208155534,67.46282764613967,5.279428984837444,159.14805521562852,102.23157779699106,90.59951336234951,9.08798868034891
2024-10-01,FL,T-Mobile,7576115,198516,2.254654220181684,64.08849878769651,6.560258429134971,299.85352701930395,138.7207365068793,87.1089912658749,9.746799480236866
2024-10-01,IL,Verizon,10496131,168796,2.552617189618546,76.06683284857063,5.374326765362375,208.98738979521937,111.62226604246989,93.12867908166292,9.265637364813578
2024-10-01,IL,AT&T,5996013,180011,1.996642210023007,69.77476526979022,9.759509167703108,274.8086991090493,123.26090021432337,92.29021786024869,9.536176887396024
2024-10-01,IL,T-Mobile,6795369,159871,1.9522559164594009,60.94495389327223,8.445860049236067,199.22811144699006,108.1637009780813,92.20571564824367,9.319995950076214
2024-10-01,WA,Verizon,10378713,201894,2.424891311545848,76.08689041093966,6.3183305206427764,229.77967959941518,132.97766359224593,96.50134446086676,9.793724701561526
2024-10-01,WA,AT&T,7184774,143105,2.335193073997229,72.77192300250279,6.792555079773743,266.6426836341607,104.72761427683615,94.09898780754526,9.189802689738052
2024-10-01,WA,T-Mobile,8832838,176615,2.4370788368140803,69.68673263191488,5.6848760888924454,272.44947384496794,120.73561100544218,88.81682069349726,9.382349514594614
2024-10-01,MA,Verizon,2362977,165866,2.4144369018998955,76.67145823362235,6.356998401703613,280.05672272518933,123.34235487276817,98.329242260219,9.650009782925709
2024-10-01,MA,AT&T,1957601,135518,2.598259546199396,70.42511894389219,3.7021800964198857,160.48523739850978,98.98575064847304,94.00248230364593,9.095538292639917
2024-10-01,MA,T-Mobile,1717434,159321,2.369417277485682,63.94204220220457,4.9293078600836875,140.2602118555897,131.1962302079512,91.64927805500405,9.7339825237871
2024-11-01,CA,Verizon,10529178,170159,2.017249896963068,69.00603608184727,9.34078621021573,247.92618643218827,116.12323658854179,92.87922036523042,9.418780981909276
2024-11-01,CA,AT&T,6026330,180195,2.70629118971125,73.49086026289417,3.7014808361513563,113.09797189535253,125.33244551282104,89.33779319314978,9.451874103421972
2024-11-01,CA,T-Mobile,6269302,199419,2.234592667888236,66.95132150975664,7.451978008716274,248.011311858729,143.1333088473682,85.92359614352694,9.770860846155605
2024-11-01,TX,Verizon,7328002,185675,2.099356083865848,76.66419957196285,9.720453990919122,104.21440213138011,121.9018654344586,96.18825084814968,9.557042838414032
2024-11-01,TX,AT&T,9263160,151394,2.3166847145433414,69.59160098731473,6.563558416472845,223.87496571469637,112.26629420372407,91.8791463555669,9.30578426486834
2024-11-01,TX,T-Mobile,12725254,201751,2.0666972865294624,67.52336064515343,8.984238190456152,278.418166678141,125.96021990282846,88.53461073279914,9.500009113589009
2024-11-01,NY,Verizon,13897705,177860,2.2722199287724267,72.50166636669195,7.1926289764567395,250.7828808680584,124.66572342757121,95.85505009157384,9.64394930763172
2024-11-01,NY,AT&T,13126455,140154,2.604137526761132,71.99108487525963,4.047575412063688,129.63375202584038,107.76715035107605,93.09266295376915,9.228212046882
2024-11-01,NY,T-Mobile,12169717,171045,2.3159470473468464,63.95009859768633,5.380343032627136,259.7678749509711,142.0814756126505,92.50206213441663,9.977190390308646
2024-11-01,FL,Verizon,7001148,181054,2.6327968479223314,74.74965937292934,4.2596470597492,226.59729404572107,135.53247186688753,93.62316335613357,9.771847744292463
2024-11-01,FL,AT&T,7780185,139665,2.466277577145419,68.19546545569042,4.475789613224655,147.91026981862493,108.36599549252104,95.00527706459242,9.33552356723129
2024-11-01,FL,T-Mobile,9190214,184019,2.3284186827334494,65.75734566486099,6.097662249616819,217.78835681539135,138.81020184055652,87.69620056020885,9.749516596968785
2024-11-01,IL,Verizon,4975869,177495,2.2397269997030023,77.6486466462264,8.840652351816606,269.9342179453398,128.0121351551272,92.91806980398647,9.571298330759873
2024-11-01,IL,AT&T,8363848,143157,2.9623929856028317,70.53879169247911,0.0,224.18283686452423,110.21842630432229,94.83828482467507,9.344129153901909
2024-11-01,IL,T-Mobile,6628906,158382,2.2505023266206887,67.49865972530274,6.987095937370284,116.71398941600073,108.62597538354287,90.07612741483375,9.199816732862843
2024-11-01,WA,Verizon,8475329,148776,2.4386984970115635,75.45803267219912,6.280725813441686,181.67593612629514,119.93607679940213,94.23895750882502,9.471309934530803
2024-11-01,WA,AT&T,12887764,161672,2.24905741466999,70.9531801036288,7.584120204158684,105.52327522098592,105.92294563769777,91.15941669867173,9.143709612677819
2024-11-01,WA,T-Mobile,7229033,165468,2.3129918515033845,62.1266499292911,5.498231640835261,223.34551835730946,125.70406875241696,87.97179829989113,9.531968824752163
2024-11-01,MA,Verizon,11495335,158404,2.1941115102094915,74.35915168335309,8.286046872496922,274.5810935077838,105.45079898426692,96.44668362078781,9.258824971475441
2024-11-01,MA,AT&T,11708264,160957,2.719166368450591,78.73684343974703,3.98377892833222,154.10323293624592,126.18238813293641,95.71926075111276,9.60785715079464
2024-11-01,MA,T-Mobile,10860649,158008,2.394384073091523,64.63269643289284,4.732866940709378,223.5008901802558,125.91244423817425,92.4983161495396,9.646871404920745
2024-12-01,CA,Verizon,5605182,166612,2.5390385710291343,76.8393661428193,5.291824130830092,174.03541783282492,118.72257485874957,96.85663387442425,9.511756851979525
2024-12-01,CA,AT&T,3771606,169010,2.2328542403907545,69.24882148726464,7.054586774759072,215.39731987567512,99.90216836413887,94.66635118786309,9.145545688046024
2024-12-01,CA,T-Mobile,2975315,175455,2.4506209651959914,66.2053248613093,4.970054099222148,180.32917773699722,140.07536963282976,87.64801221079797,9.76889451036744
2024-12-01,TX,Verizon,9874693,168046,2.401662410168771,74.64274247271804,6.5947050856551055,264.5724368656919,129.11508986885195,93.17219307200794,9.631040164810097
2024-12-01,TX,AT&T,9845024,189811,2.142700781702522,68.75839682507888,7.841500936327739,166.51645809867227,116.23951317876599,94.83170611662817,9.482157478823376
2024-12-01,TX,T-Mobile,8097171,191797,1.9073395386912635,65.58832787639551,10.0,149.6929209405688,129.26289485869876,90.44270188366468,9.64265567491996
2024-12-01,NY,Verizon,9290187,157493,2.2074365330649446,72.77776614333287,8.12077053129036,142.0424067797722,100.02463081534269,93.60417366726764,9.080840164891555
2024-12-01,NY,AT&T,9113151,172923,2.2192865546982214,68.07312694157142,7.219254545879078,296.4404298443868,100.9726020316873,92.02505295452988,9.099472359853928
2024-12-01,NY,T-Mobile,10521760,183008,2.5439939201882016,66.52072694632244,4.032395799995097,103.65999734079409,137.20131853218217,88.3181038738737,9.728362217396631
2024-12-01,FL,Verizon,4954363,135134,2.4878528472293002,69.64417269065208,4.540288036123257,166.50567195091415,106.45400338927358,95.10018029714159,9.285643749793199
2024-12-01,FL,AT&T,3795965,129120,2.4810993093842137,68.18225808512686,4.5214582587530465,100.93111631335645,106.38608359432085,93.04000264430185,9.237099170364203
2024-12-01,FL,T-Mobile,5354931,175618,2.3976448887974633,66.68151869042471,5.498364464786585,108.39091425812579,126.66997028013691,88.61490385323725,9.52503133429561
2024-12-01,IL,Verizon,8453483,170315,2.4404463060332944,69.97525080624534,4.878079792943133,114.30326301872655,125.580614032509,97.12507307972993,9.725611964979624
2024-12-01,IL,AT&T,7187137,179743,2.4037524885760493,72.80397840467988,6.012029524559516,165.75525822038145,117.83800101694257,95.11241270615967,9.482092617476845
2024-12-01,IL,T-Mobile,6105580,183942,1.9260570032062785,59.562005550809886,9.406495215778161,150.62580270471898,132.1825978709132,82.4533586232103,9.521632660606475
2024-12-01,WA,Verizon,11478896,163922,2.4311450184381256,74.46498483751584,5.867720895907054,265.3525163967305,120.21414064494878,97.1382588721486,9.573780730688277
2024-12-01,WA,AT&T,8948992,144184,2.4467643807992396,67.97613842692992,5.062960141479897,253.5268964312331,97.64636724626709,90.64623735913689,8.992553081430149
2024-12-01,WA,T-Mobile,7801553,167811,2.5079944412339286,69.3779889548046,4.69547363251249,144.9633881178931,130.55775515110088,91.00179746109146,9.647429137306716
2024-12-01,MA,Verizon,6865136,168724,2.5176823568157918,75.11488346175614,5.720242638788576,133.39454520943787,124.88661537260477,91.25910485404732,9.484356618455953
2024-12-01,MA,AT&T,5730068,140126,2.554522849960354,71.98341404001411,3.9819795378302802,139.78235824162903,101.43815545955054,98.69474770569002,9.26977139996157
2024-12-01,MA,T-Mobile,5989524,177160,2.2664389195812897,62.60060618683907,5.710535202162927,112.68426491606613,127.89422038463049,91.45196839391991,9.675437397641815
2025-01-01,CA,Verizon,6695957,187386,2.5249556175195607,76.3656706285677,5.584692076104017,112.5935763599154,136.98720454019232,94.38885874413917,9.807753146842344
2025-01-01,CA,AT&T,11011720,145986,2.415832845626161,68.21922657889269,5.41325576122097,101.91932889890533,115.41639262094996,90.72261098295958,9.34781391611886
2025-01-01,CA,T-Mobile,9685736,162385,2.462092456214606,64.3171346457728,4.169573633179204,272.14497969657793,117.77856206633545,90.72928733829295,9.43427851501777
2025-01-01,TX,Verizon,7457880,179637,2.2843027691073017,71.4727711062918,6.845868863690406,106.36147341558855,135.0061538713502,96.05657666494933,9.867092666312566
2025-01-01,TX,AT&T,8890591,168542,2.1587634306073746,73.52183697310419,8.856338532466571,196.1118249588863,123.13169787091347,92.6039455608052,9.505533954511383
2025-01-01,TX,T-Mobile,11831249,202977,2.1284738870496644,67.02035932494785,8.258673584326198,116.15323696471569,133.22047204325693,88.6065941016673,9.652403670665679
2025-01-01,NY,Verizon,2205931,159322,2.279763070317424,75.48326210678154,7.98163155498141,239.12832158311804,125.89283432957596,93.17390163200653,9.558241114483899
2025-01-01,NY,AT&T,2221857,173283,2.182940235736573,67.61200685014194,7.389100208007289,160.51980807210543,110.00571665645776,93.03898804655371,9.315163906024349
2025-01-01,NY,T-Mobile,2517310,147440,2.5707749106773274,64.99564220366643,3.5701767104325044,258.09548982837134,119.70067919688208,87.21202623527512,9.36041794895923
2025-01-01,FL,Verizon,5855931,153581,2.360810378428842,75.22360200066673,6.792763445018674,255.43193925196582,116.18066136868602,96.4385317082625,9.464533158614927
2025-01-01,FL,AT&T,6740183,145206,2.416375304664255,66.9493164572872,4.771736382266418,194.7574478401923,108.70359290754395,94.54373862548469,9.340890852342548
2025-01-01,FL,T-Mobile,7276093,170701,2.2688700189156275,66.5116636141382,6.546177717059778,173.5632502162072,131.1388882186483,90.6745481661159,9.677897573215061
2025-01-01,IL,Verizon,7144533,183351,2.20921384269486,78.6856193710707,9.282513786109444,203.05910916015625,112.37185409309639,93.62471661156097,9.269322386498052
2025-01-01,IL,AT&T,12040278,150895,2.649533223053439,68.97065719828561,2.6962414674727273,296.9599114338679,109.05619149294854,96.02557741650004,9.372184580371115
2025-01-01,IL,T-Mobile,8857711,150710,2.3346674067199253,66.42346601454597,5.75441386574585,181.86237141704163,114.48427935287071,91.83605269964092,9.380532507901183
2025-01-01,WA,Verizon,7539570,141961,2.4230704336878537,80.83290626413213,7.34743587722256,176.8600320220276,104.02442420486113,95.8844103872533,9.1486917330735
2025-01-01,WA,AT&T,5482447,169852,2.1527270997525405,67.37569535649045,7.533422564865258,160.9310293790964,103.45654189264872,94.14445508907424,9.219707536960296
2025-01-01,WA,T-Mobile,8195640,204042,1.9788219504526143,63.63009351034741,9.017157694484265,125.37140474218316,146.33253821205605,89.20641503059073,9.966542280055368
2025-01-01,MA,Verizon,8372429,135491,2.6473972754544115,77.55688035090202,4.870239906550493,232.28059850534018,101.54605674777096,91.67163409085795,9.005501354172138
2025-01-01,MA,AT&T,9574067,177641,2.333680360427974,65.823315961145,5.555304623260964,164.240269738613,125.0999432443193,92.72554964688293,9.625532194681423
2025-01-01,MA,T-Mobile,8622736,206176,1.8972586060186822,65.52458702748464,10.0,238.65737451145773,145.52282909376714,91.32331345310106,9.994910115193527
2025-02-01,CA,Verizon,3079969,162215,2.2859956137140953,75.58936013870441,7.7272598211578085,140.8494172689047,106.76405607986564,95.30656069442121,9.238584341042905
2025-02-01,CA,AT&T,2698382,153409,2.5013026140237518,75.43867065982278,5.817159276061759,171.81938061180963,120.54450227152492,92.57548715665278,9.433767953531854
2025-02-01,CA,T-Mobile,2391798,209546,2.173793880331929,65.65925886538265,7.613548071424778,199.8478013883351,128.09351153685805,87.80364898332456,9.539387111583071
2025-02-01,TX,Verizon,5326490,178647,2.2186475833483574,76.14692202595387,8.516813235185513,137.0765799109457,123.27174984407321,95.26095336521685,9.561794377578432
2025-02-01,TX,AT&T,8333525,171695,2.502371696445562,72.56326316252846,4.930628985290488,258.0153633736612,121.22588780237518,95.58306682759586,9.566377129250094
2025-02-01,TX,T-Mobile,6236053,163018,2.2325329937902842,66.60389872263568,6.7567585174905025,152.382495647671,130.6213647142805,92.38691289133787,9.71799569379939
2025-02-01,NY,Verizon,11965476,152333,2.3586076458542182,75.96012110693236,6.958483239709182,292.3885934105473,105.51553817678597,96.47464523135108,9.244948909406927
2025-02-01,NY,AT&T,13783648,158271,2.182514317401923,75.94219959485542,8.85231660143239,105.584519447728,102.26349088132275,95.10980143519473,9.139141864733743
2025-02-01,NY,T-Mobile,11509560,197151,2.1009946491811573,62.6482178273514,7.7821865786627535,155.28033126724583,137.58388713011144,87.37510494995949,9.7464487128275
2025-02-01,FL,Verizon,1779399,182051,2.506298168536011,81.8275676456306,6.428067675622064,182.04106899452427,135.04308002702376,98.74464168143945,9.844925174527352
2025-02-01,FL,AT&T,2050673,156828,2.1571651805286582,68.3295557270288,7.51954171825169,259.6983541106109,112.64918337225862,95.74717621867485,9.44210339673513
2025-02-01,FL,T-Mobile,3357804,189171,2.377889401583466,66.59190549123353,5.634620466637359,212.5060595112764,129.58929470016324,89.04866615774685,9.597326823823336
2025-02-01,IL,Verizon,9430815,149150,2.5890445614716064,73.83026642076004,4.232511983079336,156.37636624653783,115.8992316138409,96.43095686356607,9.4726106739762
2025-02-01,IL,AT&T,6532340,158608,2.357141704827756,70.12596137560325,5.87233302254741,265.38407314470476,120.7524130696132,95.81442204295679,9.588221308924934
2025-02-01,IL,T-Mobile,6164862,174228,2.4020522225948553,66.43627731777443,5.0850793615355805,106.42229245556427,138.72878949918785,91.81653876070752,9.864709179627239
2025-02-01,WA,Verizon,5943671,176385,2.358099541833271,76.30815322432782,7.088882667338023,177.5825260774257,128.82590826079226,95.91752559194835,9.690962400731017
2025-02-01,WA,AT&T,5748866,155850,2.1887548384208313,69.299230803166,7.684137720755802,103.82041689937012,91.32014978279508,92.88160055669086,8.919858704324966
2025-02-01,WA,T-Mobile,3891125,183604,2.2885578936402027,65.06000965948239,5.942688677929472,164.77395358076234,153.91827719642015,91.8373431756498,10.0
2025-02-01,MA,Verizon,4328115,174458,2.425867538259597,74.18437550427164,5.789310908220926,124.46827598426657,109.6743344436004,97.88888810037427,9.38830957684052
2025-02-01,MA,AT&T,3049442,133799,2.626250351162992,68.50117946670555,3.265101094498009,125.68604033209849,99.56433260216711,91.72631287213177,9.05806424354024
2025-02-01,MA,T-Mobile,4723179,170309,2.6023625144878495,64.14835839672408,3.353741773025124,171.59352811698648,145.6839170600336,84.52304761441195,9.80788618566579
2025-03-01,CA,Verizon,3254742,179126,2.2836114273395456,69.69575627284016,6.493456422572545,122.51374728530104,140.98509119579856,96.0958055860003,10.0
2025-03-01,CA,AT&T,5186551,179926,2.1847822692505474,66.41611719041143,7.156557038552444,115.70553831835666,112.60256563623652,92.7884370702437,9.371543252927927
2025-03-01,CA,T-Mobile,4551885,175502,2.067729548238034,63.10100890311112,7.887200105589199,198.64228791439783,127.74148511127764,90.55706192652683,9.640531470990247
2025-03-01,TX,Verizon,10546930,160991,2.6728948314657317,77.54956950521347,4.285000668676749,188.55340720738607,120.94645406430406,94.95964917708623,9.492222861546534
2025-03-01,TX,AT&T,10934476,153290,2.6270240233917215,72.2343835398111,4.269215476542492,133.3869457390724,121.50155522809051,89.07420997502516,9.379913568414455
2025-03-01,TX,T-Mobile,7361032,187797,2.1812700345486524,65.35150663594163,7.7557331070873925,246.158990306029,130.9083370926343,85.01867874614412,9.515212037877594
2025-03-01,NY,Verizon,8885760,187242,2.154116013790516,75.48334068084166,9.203097855611611,185.76467095040124,120.38648846426331,93.52410142651561,9.45861940527232
2025-03-01,NY,AT&T,9337653,183378,2.1858018718589394,67.65631186794378,7.57860014751903,249.4318443643703,130.61488508297157,90.94643507480335,9.664127635224093
2025-03-01,NY,T-Mobile,9281037,201790,2.3261028928577026,61.85228323646348,5.116908553783958,268.4125453891011,139.5831041652567,89.92519164931711,9.870895000420013
2025-03-01,FL,Verizon,9499346,161166,2.728975428693162,79.39568900983501,3.9122231198999557,164.04394873328374,132.9066052398562,96.77160395135427,9.767323333239402
2025-03-01,FL,AT&T,9249129,133059,2.682264107589961,69.15621512698985,2.4855400342232437,214.41918365542932,114.15031094870318,95.23061915275119,9.4483626422867
2025-03-01,FL,T-Mobile,8152089,190179,2.177606751178593,66.44343982730484,7.203888855613325,129.494981280229,134.30085932946935,93.08731598061713,9.814202267734853
2025-03-01,IL,Verizon,11447597,155877,2.2302776873072676,72.61915050103987,7.578997519300085,176.63063119561406,99.79405467460141,96.42055707835216,9.162306300832196
2025-03-01,IL,AT&T,8412977,159734,2.1468277961182176,67.13149581924799,7.869603325391309,133.42937499862194,113.4294876410889,90.88417877276109,9.323800157812132
2025-03-01,IL,T-Mobile,8741323,158614,2.4995835400144424,66.15491294395909,3.985938270294948,234.81357880354204,133.92778192732032,92.49208918352443,9.791769184612548
2025-03-01,WA,Verizon,2252229,140617,2.7891950899781053,77.48321696634541,3.4628876011165173,166.55221690061245,120.06248682722425,91.41804892371512,9.368959034592484
2025-03-01,WA,AT&T,2362841,133063,2.5865606742165976,72.90608160188512,4.188068724712767,193.10629627998372,98.78363741196587,95.2754085349828,9.10487418826995
2025-03-01,WA,T-Mobile,1798495,131451,2.8800992872682567,64.17014202695444,0.0,129.62325760592847,117.96100937023033,90.33035532708318,9.427429426947556
2025-03-01,MA,Verizon,8698961,180926,2.403808111231596,73.33264858723409,6.06899759813456,197.24601620503773,125.31079502326408,95.59451006996296,9.64072471669183
2025-03-01,MA,AT&T,7221598,144070,2.5535827195738117,70.59657143734788,4.585693777563054,103.06973624978288,112.16132752698063,89.97793314168402,9.236598830416654
2025-03-01,MA,T-Mobile,11342535,188800,2.2112423993241705,60.22648968210801,6.752426287649563,288.1922526679777,139.69693157998492,81.8044765553033,9.645808031437717
2025-04-01,CA,Verizon,6613572,172089,2.4159645769933302,75.91827237064582,6.253391644057834,172.15110079442974,119.64301672657241,97.7061706013803,9.5648627288664
2025-04-01,CA,AT&T,7090225,167814,2.741794511683918,74.74329292097498,3.564392585898978,101.5328039954117,128.99929518483498,89.66320881456835,9.522449238924
2025-04-01,CA,T-Mobile,5332311,183823,2.0151711058698716,64.25107865052031,8.320182592068795,166.56133644172266,137.7663440725908,93.78322079336547,9.926312718747576
2025-04-01,TX,Verizon,13158602,184111,2.1017838301013896,68.75239760268641,7.985702163684536,267.34683651053217,121.26596945470189,97.46939055838853,9.66187712981883
2025-04-01,TX,AT&T,8668370,153656,2.366662792138769,73.61136596999488,7.056010576394106,293.33555085004593,102.38581032122578,89.99634696217176,9.01149295558972
2025-04-01,TX,T-Mobile,9566372,157462,2.6357973430575834,64.79602932708549,2.5993968355987205,289.22738354464843,124.21836376938137,90.01835599242541,9.536957661889536
2025-04-01,NY,Verizon,5777067,174020,2.3686010662261214,76.45345271738923,6.86002676004717,156.85550953813117,124.31332186353048,97.44653121169462,9.645127846447556
2025-04-01,NY,AT&T,6026838,146920,2.5458312317301495,66.21424306948707,3.1536794457028705,268.66217885224825,110.78728217036202,96.30856850893046,9.442860267980283
2025-04-01,NY,T-Mobile,5114504,181736,2.2398158159004504,65.26168967725826,6.474469751262034,234.86514488621023,138.87395831922888,91.79710025185115,9.878775277167529
2025-04-01,FL,Verizon,3550507,166319,2.1758437204154872,74.50887920775683,8.51621255773026,297.7717949468096,102.74185277915171,96.27126079666233,9.197886087405335
2025-04-01,FL,AT&T,3662277,164094,2.5314201473901123,72.66166422841088,4.576263344096131,135.4516573523203,119.88937881289266,96.41868027684919,9.56373134227922
2025-04-01,FL,T-Mobile,2491013,194628,2.2765977646721423,69.0379403147916,7.369786353981864,187.66848017912798,130.3242112859653,86.71824062255033,9.5176520412479
2025-04-01,IL,Verizon,12291362,150962,2.6519530319438904,75.65863202887462,3.8655916402676334,182.93537039898436,111.83615128259738,97.46604446068386,9.404118039183718
2025-04-01,IL,AT&T,11393608,148262,2.4168691308420582,70.26637611227567,5.466985582224071,194.64698247756183,82.50175127083739,94.17598331810478,8.772650763837134
2025-04-01,IL,T-Mobile,11571191,182638,2.202961812516291,71.84108196047646,8.706769979143727,145.1533885662381,127.78472040308993,86.31828287788653,9.42683207479363
2025-04-01,WA,Verizon,8653219,184284,2.2020141591720668,76.40587666641125,8.838266288543137,292.171135155057,128.09977671965478,94.22767453018443,9.624767003634515
2025-04-01,WA,AT&T,7356343,163791,2.159072319000636,67.36610789331456,7.622475000690824,162.8075699192967,100.58055504968033,92.60023387965728,9.11595703845018
2025-04-01,WA,T-Mobile,8350792,177211,2.5857700477849104,60.36365501867755,2.325061656339001,233.20416569450143,135.81754137166803,88.89968869547403,9.779704938110806
2025-04-01,MA,Verizon,10350178,167849,2.6131490259532573,73.3693229359653,4.146874796037047,145.16427090695777,117.41311047945094,93.95499531623436,9.433218839716394
2025-04-01,MA,AT&T,10575187,173658,2.1999261234313847,68.65607359669124,7.353160840277481,120.87538576391685,114.0172563772616,93.7879264474692,9.407422185002396
2025-04-01,MA,T-Mobile,9696440,193688,1.9751244911630454,63.40411562781728,8.867380463674909,168.13233830759077,138.9266441893555,90.62197750258092,9.863151052586364
2025-05-01,CA,Verizon,11138154,165875,2.241668099453501,68.69041985205848,7.041841438648168,178.78246495027057,112.00650053863157,92.79561537228516,9.3370942734206
2025-05-01,CA,AT&T,10456026,168861,2.0466293320380244,69.35781185580286,9.347181894399311,204.2599756649926,104.1817975116298,90.58087156381015,9.107483978588872
2025-05-01,CA,T-Mobile,8138888,175960,2.3753389375409717,65.03852976560351,5.0279519602763925,230.91751137454344,144.79309436088477,92.26364617434594,10.0
2025-05-01,TX,Verizon,4663041,140610,2.6648938802125444,75.10517059065235,3.7587319295926123,261.91196469535146,106.53992728386653,96.13363386412412,9.263755855694532
2025-05-01,TX,AT&T,5313518,126244,2.6290476197769808,69.51043193571724,3.1778652883191407,268.45482052662317,94.26565161009486,94.33744901054496,9.020332183161074
2025-05-01,TX,T-Mobile,4688125,181636,2.052678387245982,66.42535386001522,9.20485029125281,118.1136947003722,127.58865055612097,85.53436608290414,9.453550455009392
2025-05-01,NY,Verizon,7904821,156178,2.7812285019159817,79.98306872253647,3.4563204679974966,166.96672711605504,126.12459246149821,97.28008257349985,9.641063639209595
2025-05-01,NY,AT&T,7159165,143238,2.11115777073773,70.45600498839048,8.98494075512935,152.23593081171595,87.56076492927399,89.94682535171448,8.745060009253011
2025-05-01,NY,T-Mobile,10269894,162236,2.2770346221847353,66.09534970568963,6.247117021519815,260.0080646755813,126.643787840139,92.01606697770755,9.63240426907711
2025-05-01,FL,Verizon,12542343,169375,2.2408821553639795,78.64882613489861,8.656663612768705,212.20774504461457,123.47410477695102,96.64280060571222,9.582277852361402
2025-05-01,FL,AT&T,10904769,160824,2.2609162538759304,68.90838760461006,6.831343948193152,180.2319814495042,104.17532835160637,93.41171033969555,9.196774001176895
2025-05-01,FL,T-Mobile,7173670,185572,2.197394677491988,68.2817208548974,7.728614117703082,284.8746761153299,134.2062760605405,89.53783278356516,9.68744329616879
2025-05-01,IL,Verizon,8642148,175460,2.2162185592152266,73.96082103393854,8.289877803445707,254.4460253152902,105.83634779956836,93.40100811189731,9.179148989008901
2025-05-01,IL,AT&T,6531173,165989,2.3293279777481515,67.38792113385685,5.779346769871977,209.28932027425222,126.93513006512067,94.04957679417876,9.686310693789206
2025-05-01,IL,T-Mobile,7917501,174398,2.259680244516682,65.78012930881539,6.485302021278574,257.5014488009991,131.18452398608662,90.73921395317684,9.688065605228884
2025-05-01,WA,Verizon,6989230,161043,2.5015051446745207,74.5638519350879,5.507583046329026,206.27015092227322,119.82418551361765,93.90135893943349,9.46788595910448
2025-05-01,WA,AT&T,8064461,179839,1.920305082400684,68.0820405106224,10.0,192.5170142078551,126.50520903087974,94.13357278117641,9.673290958946662
2025-05-01,WA,T-Mobile,9241927,186153,2.3228397009946606,67.43500208888,6.187491040670483,243.59422134820576,133.217213720158,90.71112367158908,9.71132796366203
2025-05-01,MA,Verizon,8161063,171286,2.427481588388708,72.92102426819667,5.904279154455836,225.94983253621265,107.44365371136982,94.05109815296419,9.241195776134354
2025-05-01,MA,AT&T,8468874,157824,2.3231600737801834,68.0103374268498,6.0776775462408255,226.1736778168966,112.43009129682338,92.92789201327298,9.35633521206616
2025-05-01,MA,T-Mobile,8480685,158160,2.333156877230748,64.97663446970532,5.5601612047548565,203.9610294521982,130.20443780972164,91.03596916878729,9.685401486560998
2025-06-01,CA,Verizon,4249059,142163,2.5357919147990935,76.07785107700992,5.545775665960638,299.1011743059119,118.97928435189023,93.1187540145041,9.41236979670283
2025-06-01,CA,AT&T,5283622,173283,1.9999117725929954,70.25756482902025,10.0,148.50941162728205,99.89827896105612,90.52395239874099,9.011108502893148
2025-06-01,CA,T-Mobile,4217923,173723,2.2055280633378263,62.70393889471067,6.261448516577871,283.5639327529326,130.7330984446664,92.24058628985999,9.754840168642021
2025-06-01,TX,Verizon,5180427,179231,2.0104218841032604,72.59071248829356,10.0,189.9239176857675,119.41738930620481,94.13923656626108,9.486617758228993
2025-06-01,TX,AT&T,5295699,173112,2.258636806339523,73.40032199009774,7.693866935718013,257.98816108102204,112.94389713529608,93.9982939890631,9.344823542476838
2025-06-01,TX,T-Mobile,3456792,214784,2.020833484581382,62.67334636718282,8.196730579573153,175.11720561302093,136.24319400224581,91.29603848049594,9.837011570787967
2025-06-01,NY,Verizon,7808049,170714,2.596621181366749,77.10336707429585,4.97594097148144,242.6571145804884,125.71995637392685,94.78520629710236,9.58692164564865
2025-06-01,NY,AT&T,8266017,168100,2.238485519064794,73.48534960406737,8.2045530531707,194.11942338720164,116.95466641138616,91.0766167699483,9.3365383352855
2025-06-01,NY,T-Mobile,6773318,182331,1.9321718708009312,65.89823581405246,9.70230812403823,223.89162013154152,133.39020991326325,91.55620330762945,9.755507939353622
2025-06-01,FL,Verizon,8913648,171532,2.616898754925981,73.95072698307581,4.013237734831447,290.47211228488186,139.10810975250018,96.07920112523905,9.925030958976418
2025-06-01,FL,AT&T,7242747,155866,2.2855677676437534,63.97935849138345,5.819483103567246,279.05777126288103,106.95114622403146,91.20710918271907,9.235442615048369
2025-06-01,FL,T-Mobile,8747403,180700,1.9972088680128368,62.35806188575701,8.674547177906126,256.7519271995149,118.02766889903253,88.24976519116908,9.384465714858152
2025-06-01,IL,Verizon,6758808,186559,2.126856145149268,77.25568359085065,9.537322479158385,250.20243455102204,120.16989280384034,96.4525278751907,9.524416856424022
2025-06-01,IL,AT&T,5190674,169073,2.2510260013441186,66.69990196606783,6.012232134016887,236.5900799605729,110.36152527925827,98.17488245755492,9.485477959651135
2025-06-01,IL,T-Mobile,5496038,205475,2.105996383295135,69.68784747401233,9.037097112889207,168.19645381281816,145.96464524800186,88.40508548961907,9.874566994908486
2025-06-01,WA,Verizon,4541927,143534,2.9184146952109575,79.26118929329557,2.580464385340675,142.3780311427471,120.24562933096071,90.87626521208865,9.33858865004892
2025-06-01,WA,AT&T,4066471,127006,2.5377465560952075,67.0889549517592,3.740048258431168,254.27241661092515,93.83859438157347,93.002771709686,8.995965489404458
2025-06-01,WA,T-Mobile,5980569,200637,2.113992205839144,63.92752145818481,7.581059126850712,265.7907868613259,129.36221436371903,90.64523106394809,9.667326004610974
2025-06-01,MA,Verizon,2770823,136899,2.7206765157783375,74.92733385538175,3.232227020127818,218.51691519107595,117.35996228446047,95.46474593165159,9.46186828508494
2025-06-01,MA,AT&T,4817166,161844,2.353913279051948,69.40805759714881,5.8119919512630975,133.1997931183128,98.44002446218167,95.30486777647182,9.1338659465663
2025-06-01,MA,T-Mobile,4082866,193102,1.9253775205343278,63.89389253837813,9.602086891083003,274.9647576119535,125.05839730981256,89.22916411249348,9.539103944187273
2025-07-01,CA,Verizon,7076424,160170,2.419021253223115,73.39677168164008,5.778845211850321,286.264854422943,130.18235800827696,97.10296592246544,9.782768421023103
2025-07-01,CA,AT&T,6897832,149658,2.5456617009761824,71.4385925931222,4.8640843370910325,242.78967810248702,110.68039513741637,89.67017171771582,9.18932712834858
2025-07-01,CA,T-Mobile,4035371,151772,2.393777409165412,62.11500581655222,4.3824562609219,248.3551977289865,117.02243379010505,91.02770810734428,9.450129860856908
2025-07-01,TX,Verizon,13098849,150427,2.784595111475644,76.5965138888827,2.844493544399605,163.1638759302611,112.18259527775466,96.28858118620492,9.366344202252414
2025-07-01,TX,AT&T,9372169,123150,2.5136977440735166,69.21271721292305,4.374010681180126,162.16965418543202,110.67380602421069,93.31555320669322,9.32081554455578
2025-07-01,TX,T-Mobile,8719848,186353,2.2440018554240195,66.54244072290291,6.3649986222254,103.70147497008027,141.9985533552192,95.03470968114985,10.0
2025-07-01,NY,Verizon,3677735,179730,2.4156042716301895,74.11861142983129,6.258417771786622,103.79825264163316,131.09772381358948,94.0926179787774,9.7035469013368
2025-07-01,NY,AT&T,2407851,185917,2.3855623324980146,71.62654809042618,6.233885906685769,256.97008335811006,133.8298481709612,92.35800386419322,9.731071598440758
2025-07-01,NY,T-Mobile,3178791,153926,2.5266935384555262,64.0970268142566,3.61740941882199,150.0980437977791,125.45006588352383,89.35060559474066,9.54854921737013
2025-07-01,FL,Verizon,6596751,135993,2.611375838520147,77.59373071195725,5.075881058443386,213.88888733813798,98.89563513618907,93.29106698746594,9.000707405228187
2025-07-01,FL,AT&T,6366846,161485,2.0845437165709835,69.90242155026979,8.905072778647632,164.6218984806518,90.21935858131161,92.29974365696488,8.874355265832481
2025-07-01,FL,T-Mobile,9325905,167450,2.4298588933728396,63.657790532560895,4.681080442294223,296.32054834290125,127.15030491211812,87.51888730489563,9.531994812063623
2025-07-01,IL,Verizon,4169499,135574,2.3976748324823145,71.37868654299223,5.861245243199862,174.49478795169915,108.8671705074109,94.37743740575438,9.294879666890926
2025-07-01,IL,AT&T,2664436,161933,2.235807398007383,69.02747272292912,6.980852817354561,162.86504491050283,97.39684167162648,94.66567747157433,9.097632430350469
2025-07-01,IL,T-Mobile,3143629,160412,2.202809389491018,61.69171073431653,5.913488065039306,244.9196022086345,125.35947580940172,93.96760186913819,9.709300464919016
2025-07-01,WA,Verizon,2906527,136339,2.8200056503550393,79.60576544815834,3.082847184308035,221.47367006914084,121.19392250394199,96.38249401773241,9.519295616129229
2025-07-01,WA,AT&T,3411438,151614,2.2547161462078624,72.65191552803557,7.69155012716873,216.93857504967642,92.09636693129862,92.91671516359764,8.902909638253547
2025-07-01,WA,T-Mobile,2625315,175671,2.5515822826806884,62.2921406258863,2.8612051577267823,230.05926161813596,144.5807539504106,90.81400140643588,9.993113714942426
2025-07-01,MA,Verizon,4953286,160205,2.8413552469188845,75.70285543830647,2.398513887781044,281.1689964857293,120.35058417871115,93.28504730691402,9.448534548398579
2025-07-01,MA,AT&T,6377633,168067,2.684099249877208,70.4255898946214,2.913766290377701,298.334709906747,126.2287598447121,93.303591897745,9.619427054880378
2025-07-01,MA,T-Mobile,5722337,190140,2.0003610482713756,63.473270585855005,8.444912191208186,191.43500551072373,120.08982663894452,92.46131443249062,9.540903259895058
2025-08-01,CA,Verizon,2647757,171727,2.7505923589894037,76.52622215942162,3.1874285783720415,288.10868635837693,123.71517433060028,96.11892263618246,9.592608944103263
2025-08-01,CA,AT&T,3147053,133945,2.4913534456699313,70.47021932988555,4.707121273560915,106.86993913319594,106.13979030225134,94.73388135716878,9.260110053461235
2025-08-01,CA,T-Mobile,2467996,197734,2.2183143249448336,64.17245371581006,6.516663283728215,173.10165424639666,151.2553667801188,91.34684209985463,10.0
2025-08-01,TX,Verizon,2242381,184721,2.525392025778369,77.56924051801738,6.327553742385709,285.8887979480487,127.7222810141559,89.32374103434078,9.458465446133168
2025-08-01,TX,AT&T,3966317,163549,2.090954787915428,65.88085736600486,8.253447273557269,126.34491947221076,96.12122537112629,90.13176320489424,8.967568829909306
2025-08-01,TX,T-Mobile,3649540,159568,2.6187393524131455,70.10232436262278,3.530410497562961,184.83579824139966,141.7242491996752,93.02660850830142,9.92425999561632
2025-08-01,NY,Verizon,3054854,137962,2.441125529466215,76.7252559313189,6.24468158680512,122.13787488397799,104.41705678007222,96.8911430479651,9.227822867727209
2025-08-01,NY,AT&T,4449588,145129,2.545735398688793,72.19607199900767,4.809099212658717,240.03232715909823,98.74242854901065,91.72761200254885,9.0047162110666
2025-08-01,NY,T-Mobile,4224598,199601,1.9671263077494876,63.064978590606216,8.644051337142471,219.83317506459736,124.38882440248588,92.97681303483895,9.646431093188825
2025-08-01,FL,Verizon,4782682,184953,2.0955106370136507,70.01482815709852,8.508138671247108,112.81031137131193,116.1432740287813,95.3972059003609,9.484633376015466
2025-08-01,FL,AT&T,4243868,180631,1.9668623771926455,70.48345597056193,10.0,266.984128650254,114.78530830908397,94.28067422185934,9.41929183313184
2025-08-01,FL,T-Mobile,4522546,175491,2.6435499646939142,69.23321318703657,3.4367635157886474,222.31773557274533,135.19530432515955,89.7437947467952,9.703887797036682
2025-08-01,IL,Verizon,3085361,169108,2.2973414860907657,77.16894153929347,8.024996334344866,199.05834627014247,112.6839081365909,94.35377112606172,9.312601881120735
2025-08-01,IL,AT&T,2647881,171427,2.007606518722671,70.71699940848488,9.702932768508436,180.9442452689097,108.41661497914117,93.64401925961832,9.270482883286524
2025-08-01,IL,T-Mobile,2241188,197133,2.344007242917418,65.9924803863046,5.541028879062917,282.2466905184682,139.8531053605389,92.17394769023822,9.90235573405488
2025-08-01,WA,Verizon,1286182,154660,2.5328064252241327,74.10982796101945,4.917613034898756,179.9017186574333,109.53333941368311,95.76288305063808,9.32245500018261
2025-08-01,WA,AT&T,1698579,154256,2.3987315823184483,71.07442803341246,6.197359852441604,268.64167567991274,104.5162438036563,90.30209931056406,9.088643575055924
2025-08-01,WA,T-Mobile,1966878,152359,2.388607011841893,61.580824792517454,4.302472251258983,167.75526900190607,128.36257252708785,91.27622588825575,9.689729979264255
2025-08-01,MA,Verizon,7060164,157321,2.7303370856568785,71.66346780481113,2.6577222018384004,240.284970918103,114.15825848394826,93.71600502555042,9.378010642397367
2025-08-01,MA,AT&T,10858512,181022,2.203079444524182,70.97787963904729,7.90573248723231,106.80607147040702,113.92503909520475,92.59048995335324,9.346436684114218
2025-08-01,MA,T-Mobile,10839386,143512,2.551747643871602,62.95837995900845,3.4301779394116405,201.6076985710048,125.06401595786812,86.44021613674028,9.464903003669486
2025-09-01,CA,Verizon,3618751,162371,2.232209374758621,72.63795273965849,7.78362486338938,248.2241385070193,124.6835792296373,94.21871936956109,9.593853638282994
2025-09-01,CA,AT&T,6320609,145046,2.4425050695121557,70.82263845465297,4.949151921441777,182.04720325751356,103.74957865399934,97.9032507436726,9.303862710843635
2025-09-01,CA,T-Mobile,5169805,160167,2.223425082501247,64.25883401181457,6.285981914368216,113.5252655275345,118.4409021757542,93.31534062982227,9.525689922291606
2025-09-01,TX,Verizon,14247346,176960,2.460749956106459,74.43049461580961,5.624827760877733,271.23798696229267,130.0458895233251,96.53771601219596,9.752744324674286
2025-09-01,TX,AT&T,13205404,176226,2.3590044390046456,73.61200105706158,6.880238055911354,289.19712260666995,115.77094027838929,92.52117765454506,9.354934124633521
2025-09-01,TX,T-Mobile,11300319,174054,2.315969164924577,61.148505673313494,5.283490423809954,227.12822126393598,130.24129725007555,87.86519061606971,9.629296606750467
2025-09-01,NY,Verizon,8333102,158958,2.38002398566877,77.71826772653552,7.231057323980696,125.959960162668,121.85669559044487,95.12356364638704,9.513658143935155
2025-09-01,NY,AT&T,9973068,148179,2.3261794129585636,68.98652835893414,5.98940254115948,102.40411803544998,109.970186001613,95.4610900104171,9.37337113675543
2025-09-01,NY,T-Mobile,9664946,174117,2.399689401214703,67.4091412510237,5.487357199001218,200.89723776636762,140.60828686985883,89.97577039056489,9.837347436603887
2025-09-01,FL,Verizon,1974635,127396,2.9023094196544315,77.75469264143322,2.0500962586293774,263.4886443754325,116.66834214700823,94.77748073112951,9.399144338459717
2025-09-01,FL,AT&T,1772570,170426,2.212194385272461,70.20496805075062,7.701942635863489,102.97935500048459,116.39627327101377,92.17107121562032,9.391007921381377
2025-09-01,FL,T-Mobile,2280210,172669,2.2131444977596626,60.95520324016973,5.837977269101416,113.72401935292487,140.05136269922627,92.21618401335907,9.9579607419836
2025-09-01,IL,Verizon,7048271,182763,2.345163840162703,73.88016802428848,6.769666005736708,289.8114469282251,129.62217701399484,95.54729197493958,9.7200606192852
2025-09-01,IL,AT&T,7311624,161731,2.418641572851342,69.78387399293076,5.771895237703969,150.62981661648075,105.58626386303071,89.9846383236876,9.113425687041934
2025-09-01,IL,T-Mobile,7712990,207274,1.8253702776789944,63.734252779083356,10.0,104.24609833479457,154.0759142154756,94.93147779026728,10.0
2025-09-01,WA,Verizon,3315728,162923,2.3835996947709215,76.18074195100715,6.881526511888762,208.60262095381353,127.78308228882543,95.1862493060345,9.64944170544747
2025-09-01,WA,AT&T,4181111,161609,2.205803904849026,71.43571799513444,8.18765044987559,222.36479021991903,109.29391294709002,90.41454100661039,9.183957309188768
2025-09-01,WA,T-Mobile,3400598,200278,1.9346329619127833,64.19470646844277,9.918981113520223,257.6963566691907,144.11465594506768,85.73630561040501,9.812435222529075
2025-09-01,MA,Verizon,2471144,173438,2.4294112365697127,78.1092970672355,7.1372691671259,279.01222076979707,128.37838283484493,91.90477880624071,9.543618050211766
2025-09-01,MA,AT&T,1782864,115930,2.636440961567294,65.55391695456697,2.5420487995904244,233.23932150144194,95.24453223454312,92.04324975650029,9.010648967840202
2025-09-01,MA,T-Mobile,2675731,173581,2.151120649285782,64.37060551893642,7.396247210812713,133.3096899571166,134.35573982875428,89.66667400116752,9.733408961420748
2025-10-01,CA,Verizon,10851615,189754,2.314989118354491,71.3919258509297,6.5632482445400635,296.2308762669891,137.50452845130476,95.65245742100969,9.90574503314709
2025-10-01,CA,AT&T,11846066,147610,2.5114221343568532,70.73368672366762,4.702288524832262,139.7697531215962,102.71009542027693,93.30227476332728,9.14593328406868
2025-10-01,CA,T-Mobile,8628443,158295,2.5138524205925306,67.22336139984081,4.134983840807569,250.55715144742652,125.79308861499781,91.71164233235287,9.594977428272134
2025-10-01,TX,Verizon,9831943,161791,2.6915599814364777,77.23848089796832,4.280991970951971,181.4556700433717,142.237087547625,92.51104394276918,9.847688260255891
2025-10-01,TX,AT&T,14208495,175087,2.341958879304641,71.95079871087724,6.593042210271556,219.03025118007588,124.80770204140158,93.7752873885748,9.589904675376504
2025-10-01,TX,T-Mobile,13412250,180221,2.042955628678434,63.062573078341494,8.481053992463753,261.19558240730066,119.50058737603136,87.01904336420208,9.369957317663275
2025-10-01,NY,Verizon,8694203,164029,2.222188840322685,72.07650760838993,7.700030238726958,253.79924751624287,119.36747619886482,94.93382879724179,9.514599311810649
2025-10-01,NY,AT&T,6989174,137932,2.6722126555301697,70.30048745364265,3.3780812965756746,268.4640532816044,108.6659627209513,89.59889638851155,9.158281271537945
2025-10-01,NY,T-Mobile,11831051,171887,2.59721568231388,69.70281407834449,3.4690711997176615,149.3058028407768,140.1776315347335,94.99334792812435,9.956324927754956
2025-10-01,FL,Verizon,6495694,144921,2.804866036528308,80.15258925941559,3.4536305084509764,135.3920336060878,125.75789977251783,95.2822697814906,9.57210019630092
2025-10-01,FL,AT&T,7267646,143236,2.3078376506423077,67.14362877355592,5.930715621497557,187.75248457338273,92.57630773748751,94.19633626790551,9.005979955051355
2025-10-01,FL,T-Mobile,7455174,189447,2.220703087294248,63.778184581413726,6.518661942693769,137.73979935906652,133.16446758582214,90.29944100646493,9.734490736096253
2025-10-01,IL,Verizon,7731859,166058,2.4383974659231287,73.40253871170061,5.856287583609707,165.99299187671113,119.5858009969532,94.40245499499129,9.489764282671798
2025-10-01,IL,AT&T,9623342,136031,2.3996540596776272,69.95279703537206,5.652647796698735,162.22741069499196,91.96007393883438,93.41371013599401,8.942084812502788
2025-10-01,IL,T-Mobile,6119149,153605,2.42395884256194,64.4485267305927,4.514220707878367,253.92926186970814,125.78551676231822,91.35896212620771,9.61199393172667
2025-10-01,WA,Verizon,4426600,145023,2.520766672617241,75.88243765166732,5.078888853690771,174.3445995812088,107.20676430118054,98.8993195047028,9.352290494648022
2025-10-01,WA,AT&T,2400208,157322,2.1798607134324595,67.21544139770938,7.406909088838632,169.03422123238073,86.3846161000607,92.37572056378649,8.826809524937715
2025-10-01,WA,T-Mobile,2560620,160878,2.4811023459216273,64.06854930706223,3.924816257020687,119.81538746892544,124.83910699271635,90.77870145175488,9.579457690336351
2025-10-01,MA,Verizon,3510730,164799,2.3697208587465957,75.70150740856708,6.812803284073237,263.9813596807751,119.55012416475812,96.30289610174222,9.523074292261759
2025-10-01,MA,AT&T,4177195,168960,1.8385366937343859,64.55945714449103,10.0,124.66022440930588,107.46381521053046,95.2652449155435,9.361639080232004
2025-10-01,MA,T-Mobile,3699434,183980,2.016104994260147,67.01996682659237,9.209045892443607,195.74841252855146,133.5117014276173,90.33897530273399,9.710203619368443
2025-11-01,CA,Verizon,4712481,155023,2.535845286698178,75.20120850004083,4.928225213323602,197.02570239146795,132.69445100526616,97.53563619702781,9.827946021015748
2025-11-01,CA,AT&T,6253508,117307,2.761972568872113,71.90206454282128,2.4015281965945876,170.81212366060748,94.2113261123829,93.59159023248534,8.972953583794006
2025-11-01,CA,T-Mobile,4993697,184494,2.0532564614861006,62.205784146272336,7.165765692801797,131.62095763208382,140.9197394947215,97.42826521591661,10.0
2025-11-01,TX,Verizon,4973778,165011,2.4346428839100698,75.92782392924985,6.170764620869981,183.16702448658629,123.16237251021202,96.68371325879296,9.60448060867553
2025-11-01,TX,AT&T,6688218,144702,2.4904144711570817,73.21160072067366,5.603194027230921,182.17135048851992,112.64022448996353,91.34981405332996,9.261182904192433
2025-11-01,TX,T-Mobile,7157878,184490,1.9260408594091114,65.75965727165946,10.0,134.24583873397728,123.09471974178493,88.91522860240781,9.47175468019134
2025-11-01,NY,Verizon,2016414,169588,2.197837642351235,68.43099059976812,7.104924808958268,186.92769865973273,116.15299487663897,96.02896887483006,9.51961905778
2025-11-01,NY,AT&T,1178443,176006,2.2476422616289655,72.98410564548296,7.97218002789072,228.90150088194724,104.36071587735948,91.48218484916214,9.101838806567224
2025-11-01,NY,T-Mobile,1207496,204808,1.8791548523216846,62.79325245643169,10.0,159.35547821767003,142.00361005304757,87.67101968069493,9.842270266917483
2025-11-01,FL,Verizon,4336564,177901,2.222070440383371,67.32919236459949,6.888356648773105,263.61563387240005,127.63969306211806,93.56777420313085,9.686535163690293
2025-11-01,FL,AT&T,2701387,182219,2.159064904334046,77.43532954958013,9.245035983873521,124.86436023586616,126.10911813079912,96.5138088270204,9.643243331930792
2025-11-01,FL,T-Mobile,2474273,194150,2.2216238977069187,61.82003717463219,5.954895587014547,190.6154937415768,138.55460696245714,91.92872870842703,9.910753628755632
2025-11-01,IL,Verizon,5486918,138538,2.915014823340821,75.37181762759229,1.2333850026724154,205.63576319573752,123.16394919134031,96.90830289437835,9.616809894382234
2025-11-01,IL,AT&T,4611638,148789,2.6588159185669933,66.89469492333863,2.758884296832104,260.21150106710456,120.72224407970643,90.3189550216569,9.45506658301045
2025-11-01,IL,T-Mobile,5557553,173238,2.469750284583748,64.40533496030504,3.9934376021989846,161.5949952366053,139.02391739861045,91.90126544024538,9.893462961576521
2025-11-01,WA,Verizon,7035296,147745,2.654504691330733,73.29286048836012,3.651294075365371,177.8869932956908,128.7984592395689,94.62231108999326,9.681709912607573
2025-11-01,WA,AT&T,6654958,149429,2.678107627068281,76.29103573364084,4.0620758893729025,282.57812309642225,117.01263925038448,94.15054986672455,9.401858923673016
2025-11-01,WA,T-Mobile,6505675,164640,2.212197772457307,64.9664941481614,6.071203935810068,131.19342360356197,126.25680080745781,98.00117169249137,9.815506225442284
2025-11-01,MA,Verizon,6050117,164237,2.638303038399946,74.69422338428164,4.056988708285411,117.22583340293049,125.56965193993949,94.98825584571455,9.61409848032741
2025-11-01,MA,AT&T,7932069,196963,2.0988003241876085,72.83895186262059,9.220500797267306,194.40921813950752,119.66308353209044,93.59286333380726,9.472658052029821
2025-11-01,MA,T-Mobile,9103199,156955,2.4834010672139435,63.344114153451855,4.101697801745685,230.06114019350827,110.46814679930151,87.33114356805257,9.195856101493089
2025-12-01,CA,Verizon,7016440,165316,2.7386239967542774,72.04305251488377,2.613854292337181,244.68929840901407,119.68438287367711,94.08516243096796,9.495812005253743
2025-12-01,CA,AT&T,7429207,161321,2.391121268455242,73.31049250381697,6.193867251461478,269.6815597626912,123.17654850827034,95.57018564749494,9.597531614552086
2025-12-01,CA,T-Mobile,8185820,195037,2.0778819356845712,68.52178474206443,9.16947928609024,250.2351187412105,135.7377377242802,87.56058305476935,9.656354398708041
2025-12-01,TX,Verizon,11141262,163373,2.3966780906536966,74.88667929169647,6.43686899011537,277.8712013056669,133.65058321512225,95.73685961686954,9.796250659891566
2025-12-01,TX,AT&T,6723346,162733,2.387690555659194,75.69689600407483,6.849815265068786,166.93699022062356,105.23608603864456,94.1265837915424,9.171550274478417
2025-12-01,TX,T-Mobile,12911592,205265,2.095241777899746,62.51775435774255,7.423949880829861,122.60150961805428,144.47679990471119,91.2718321172119,10.0
2025-12-01,NY,Verizon,6020763,167561,2.599951644623881,74.25864527223641,4.273647316036597,175.0691706765142,126.92918334857391,95.78565292171875,9.669566801900677
2025-12-01,NY,AT&T,6253883,158298,2.374345396133055,71.83959352444873,6.283305559484143,125.98033886737083,111.89132698866202,93.41159184075052,9.321778359751269
2025-12-01,NY,T-Mobile,8565692,168905,2.39774707010669,63.347950557061665,5.064234664326481,220.20436428502734,128.53370536424273,86.2788474601895,9.525560025519924
2025-12-01,FL,Verizon,5175739,154676,2.483531627565259,76.32680556707882,5.950360755507743,109.15349063005387,118.5812327361699,94.79684082255433,9.452261823729238
2025-12-01,FL,AT&T,4941316,189401,2.264160889979573,73.01871867027513,7.290939049898009,193.90339902504155,101.45490522270065,96.71195784361284,9.200269653059646
2025-12-01,FL,T-Mobile,8594797,180731,2.0452704981346685,65.21927610489165,7.964235750693854,170.66867927251906,128.6322113294093,96.26914488937788,9.808525812220607
2025-12-01,IL,Verizon,6238045,173818,2.4927231755935972,75.50794117156157,5.380847452840499,232.5397075078858,119.39259343112899,97.93509025535842,9.570825164567715
2025-12-01,IL,AT&T,8765008,173351,2.1717946917623965,69.19477712777511,7.5130815743748105,149.2596734171047,120.49314514625834,96.07926933556247,9.60029321171429
2025-12-01,IL,T-Mobile,5310635,159763,2.5223161838474004,70.29061250732705,4.809894587418203,291.46288748158725,134.92647969524694,90.25066075573204,9.703143291503627
2025-12-01,WA,Verizon,4107644,142252,2.7027779814690462,76.40850744356953,3.5574259886690434,102.36346715564211,111.28790636689382,96.96495685354402,9.370621758508502
2025-12-01,WA,AT&T,2680246,180906,2.347181081399338,68.17210181648086,5.940113105884501,191.58199563703027,124.3068531651925,92.2249644341829,9.571164978164528
2025-12-01,WA,T-Mobile,3180411,188093,2.334951432385994,65.57318545184391,5.702690742737315,293.570111024393,143.49144474247618,90.62432023771532,9.932826647462544
2025-12-01,MA,Verizon,3438880,135378,2.4312759444351455,74.43375650245989,6.146715954400259,207.31270264802652,108.98546658935604,94.27275901740263,9.2635545372846
2025-12-01,MA,AT&T,3876962,155137,2.361214512390651,65.39383684540533,5.236348661277689,287.35308374384306,85.09987312033957,92.30273583896862,8.817141169121797
2025-12-01,MA,T-Mobile,4880031,188057,2.1708285370995872,66.134590671145,7.302847035680692,116.20743375291292,141.61910915029767,92.15785727552436,9.935771994560234
